{"command.comments.category":"评论","command.issue.continueWorking.title":"继续处理问题","command.issue.copyGithubHeadLink.title":"复制 GitHub 头链接","command.issue.copyGithubPermalink.title":"复制 GitHub Permalink","command.issue.copyIssueNumber.title":"复制编号","command.issue.copyIssueUrl.title":"复制 URL","command.issue.copyMarkdownGithubPermalink.title":"将 GitHub Permalink 复制为 Markdown","command.issue.createIssue.title":"创建问题","command.issue.createIssueFromClipboard.title":"从剪贴板创建问题","command.issue.createIssueFromFile.title":"创建问题","command.issue.createIssueFromSelection.title":"从所选内容创建问题","command.issue.editQuery.title":"编辑查询","command.issue.getCurrent.title":"获取当前问题","command.issue.goToLinkedCode.title":"转到链接代码","command.issue.issueCompletion.title":"已选择问题完成","command.issue.openGithubPermalink.title":"在 GitHub 上打开 Permalink","command.issue.openIssue.title":"在 GitHub 上打开问题","command.issue.refresh.title":"刷新","command.issue.signinAndRefreshList.title":"登录并刷新","command.issue.startWorking.title":"开始处理问题","command.issue.startWorkingBranchDescriptiveTitle.title":"开始处理问题和签出主题分支","command.issue.startWorkingBranchPrompt.title":"开始工作并设置分支...","command.issue.statusBar.title":"当前问题选项","command.issue.stopWorking.title":"停止处理问题","command.issue.stopWorkingBranchDescriptiveTitle.title":"停止处理问题并离开主题分支","command.issue.suggestRefresh.title":"刷新建议","command.issue.userCompletion.title":"已选择用户完成","command.issues.category":"GitHub 问题","command.issues.openIssuesWebsite.title":"在 GitHub 上打开","command.pr.cancelEditComment.title":"取消","command.pr.checkoutByNumber.title":"签出拉取请求(按编号)","command.pr.close.title":"关闭拉取请求","command.pr.collapseAllComments.title":"折叠所有注释","command.pr.configurePRViewlet.title":"配置...","command.pr.configureRemotes.title":"配置远程...","command.pr.copyCommitHash.title":"复制提交哈希","command.pr.copyVscodeDevPrLink.title":"复制 vscode.dev 拉取请求链接","command.pr.create.title":"创建拉取请求","command.pr.createComment.title":"添加注释","command.pr.createSingleComment.title":"添加注释","command.pr.deleteComment.title":"删除注释","command.pr.deleteLocalBranch.title":"删除本地分支","command.pr.deleteLocalBranchesNRemotes.title":"删除本地分支和远程","command.pr.dismissNotification.title":"消除通知","command.pr.editComment.title":"编辑注释","command.pr.editQuery.title":"编辑查询","command.pr.exit.title":"签出默认分支","command.pr.goToNextDiffInPr.title":"转到拉取请求中的下一个差异","command.pr.markFileAsViewed.title":"将文件标记为已查看","command.pr.merge.title":"合并拉取请求","command.pr.openAllDiffs.title":"打开所有差异","command.pr.openDescription.title":"查看拉取请求说明","command.pr.openDescriptionToTheSide.title":"在侧边打开拉取请求说明","command.pr.openDiffView.title":"打开差异视图","command.pr.openFileOnGitHub.title":"在 GitHub 上打开文件","command.pr.openModifiedFile.title":"打开修改后的文件","command.pr.openOriginalFile.title":"打开原始文件","command.pr.openPullRequestOnGitHub.title":"在 GitHub 上打开拉取请求","command.pr.openPullsWebsite.title":"在 GitHub 上打开","command.pr.openReview.title":"转到“审阅”","command.pr.pick.title":"签出拉取请求","command.pr.readyForReview.title":"将拉取请求标记为准备就绪以供审阅","command.pr.refreshActivePullRequest.title":"刷新","command.pr.refreshChanges.title":"刷新","command.pr.refreshDescription.title":"刷新拉取请求说明","command.pr.refreshList.title":"刷新拉取请求列表","command.pr.refreshPullRequest.title":"刷新拉取请求","command.pr.resetViewedFiles.title":"重置已查看的文件","command.pr.resolveReviewThread.title":"解决对话","command.pr.saveComment.title":"保存","command.pr.setFileListLayoutAsFlat.title":"切换视图模式","command.pr.setFileListLayoutAsTree.title":"切换视图模式","command.pr.showDiffAll.title":"显示所有更改","command.pr.showDiffSinceLastReview.title":"显示自上次审阅以来的更改","command.pr.signin.title":"登录到 GitHub","command.pr.signinAndRefreshList.title":"登录并刷新","command.pr.signinenterprise.title":"登录到 GitHub Enterprise","command.pr.startReview.title":"开始评审","command.pr.unmarkFileAsViewed.title":"将文件标记为未查看","command.pr.unresolveReviewThread.title":"未解决的对话","command.pull.request.category":"GitHub 拉取请求","command.review.openFile.title":"打开文件","command.review.openLocalFile.title":"打开文件","command.review.suggestDiff.title":"建议编辑","description":"GitHub 的拉取请求和问题提供程序","displayName":"GitHub 拉取请求和问题","githubIssues.assignWhenWorking.description":"将正在处理的问题分配给你。仅当正在处理的问题位于当前已打开的存储库中时才适用。","githubIssues.createInsertFormat.description":"控制在运行“创建问题”代码操作时是否插入问题编号(例如 #1234)或完整 URL (例如 https://github.com/owner/name/issues/1234)。","githubIssues.createIssueTriggers.description":"将导致显示“从注释创建问题”代码操作的字符串。","githubIssues.createIssueTriggers.items":"启用了“从注释创建问题”代码操作的字符串。不应包含空格。","githubIssues.ignoreCompletionTrigger.description":"不应使用 \"#\" 字符触发问题完成建议的语言。","githubIssues.ignoreCompletionTrigger.items":"问题完成不应在 \"#\" 上触发的语言。","githubIssues.ignoreMilestones.description":"从不显示问题的里程碑标题数组。","githubIssues.ignoreUserCompletionTrigger.description":"不应使用 \"@\" 字符触发用户完成建议的语言。","githubIssues.ignoreUserCompletionTrigger.items":"用户完成不应在 \"@\" 上触发的语言。","githubIssues.issueBranchTitle.markdownDescription":"开始处理问题时创建的分支名称的高级设置。\n- `${user}` 将替换为当前登录的用户名 \n- `${issueNumber}` 将替换为当前问题编号 \n- `${sanitizedIssueTitle}` 将替换为问题标题，删除所有空格和不受支持的字符(https://git-scm.com/docs/git-check-ref-format)","githubIssues.issueCompletionFormatScm.markdownDescription":"设置 SCM 输入框中问题完成的格式。\n- `${user}` 将替换为当前登录的用户名 \n- `${issueNumber}` 将替换为当前问题编号 \n- `${issueNumberLabel}` 将替换为格式为 #number 的标签或所有者/存储库 #number，具体取决于问题是否在当前存储库中","githubIssues.issueCompletions.enabled.description":"控制是否显示问题的完成建议。","githubIssues.queries.default.createdIssues":"已创建问题","githubIssues.queries.default.myIssues":"我的问题","githubIssues.queries.default.recentIssues":"最新问题","githubIssues.queries.label":"为“问题”树中的查询显示的标签。","githubIssues.queries.markdownDescription":"使用 [GitHub 搜索语法](https://help.github.com/en/articles/understanding-the-search-syntax)和变量指定应在 GitHub 问题树中使用哪些查询。列出的第一个查询将在“问题”视图中展开。“默认”查询包括里程碑分配给你的问题。如果要保留这些设置，请确保它们在你修改设置时仍位于数组中。","githubIssues.queries.query":"使用 [GitHub 搜索语法](https://help.github.com/en/articles/understanding-the-search-syntax)和变量的搜索查询。变量 `${user}` 可用于指定搜索中已登录的用户。`${owner}` 和 `${repository}` 可用于使用 `repo:${owner}/${repository}` 指定存储库。","githubIssues.useBranchForIssues.description":"确定在处理问题时是否应签出分支。若要配置分支的名称，请设置 `githubIssues.issueBranchTitle`。","githubIssues.useBranchForIssues.off":"开始处理问题时，将不会创建分支。如果之前处理过某个问题，并且为其创建了分支，则将签出同一分支。","githubIssues.useBranchForIssues.on":"开始处理问题时，将始终签出分支。如果分支不存在，则将创建该分支。","githubIssues.useBranchForIssues.prompt":"将显示设置将创建和签出的分支名称的提示。","githubIssues.userCompletions.enabled.description":"控制是否为用户显示完成建议。","githubIssues.workingIssueFormatScm.markdownDescription":"设置当你“**开始处理问题**”时在 SCM 输入框中设置的提交消息的格式。默认值为 `${issueTitle} \nFixes #${issueNumber}`","githubPullRequests.assignCreated.description":"使用此扩展创建的所有拉取请求都将分配给此用户。若要分配给自己，请使用 \"${user}\" 变量。","githubPullRequests.commentExpandState.collapseAll":"所有注释都将折叠","githubPullRequests.commentExpandState.description":"控制在打开包含注释的文档时是否展开注释。","githubPullRequests.commentExpandState.expandUnresolved":"所有未解决的注释都将展开。","githubPullRequests.createOnPublishBranch.ask":"询问是否要在发布分支时创建拉取请求。","githubPullRequests.createOnPublishBranch.description":"发布分支时创建拉取请求。","githubPullRequests.createOnPublishBranch.never":"发布分支时，切勿创建拉取请求。","githubPullRequests.defaultDeletionMethod.selectLocalBranch.description":"如果为 true，则在从拉取请求中删除分支时，将默认选择删除本地分支的选项。","githubPullRequests.defaultDeletionMethod.selectRemote.description":"如果为 true，则在从拉取请求中删除分支时，将默认选择删除远程的选项。","githubPullRequests.defaultMergeMethod.description":"合并拉取请求时要使用的方法。","githubPullRequests.fileListLayout.description":"显示已更改文件列表时要使用的布局。","githubPullRequests.focusedMode.description":"签出拉取请求时要使用的布局。设置为 false 以防止布局更改。","githubPullRequests.ignoredPullRequestBranches.description":"防止自动检测与拉取请求关联的分支。这将阻止在这些分支上输入审阅模式。","githubPullRequests.ignoredPullRequestBranches.items":"分支名称","githubPullRequests.logLevel.description":"GitHub 拉取请求扩展的日志记录。日志将发送到名为 GitHub 拉取请求的输出通道。","githubPullRequests.notifications.description":"如果应向用户显示 GitHub 通知。","githubPullRequests.overrideDefaultBranch.description":"存储库的默认分支是在 github.com 上设置的。凭借此设置，可以使用另一个分支替代该默认值。","githubPullRequests.postCreate.description":"创建拉取请求后要执行的操作。","githubPullRequests.postCreate.none":"无操作","githubPullRequests.postCreate.openOverview":"打开拉取请求的概述页","githubPullRequests.pullBranch.always":"在 PR 中检测到更改时，始终拉取 PR 分支。当 `\"git.autoStash\": true` 时，这将改为 `prompt` 以防止意外的文件更改。","githubPullRequests.pullBranch.description":"在本地签出 PR 分支时从远程拉取更改。在手动刷新 PR 和定期后台更新期间检测到更改。","githubPullRequests.pullBranch.never":"在 PR 中检测到更改时，切勿拉取 PR 分支。","githubPullRequests.pullBranch.prompt":"在 PR 中检测到更改时，提示拉取 PR 分支。","githubPullRequests.pullRequestDescription.commit":"仅使用最新的提交消息","githubPullRequests.pullRequestDescription.description":"创建拉取请求时使用的说明。","githubPullRequests.pullRequestDescription.template":"使用拉取请求模板和提交说明，如果未找到模板，则仅使用提交说明","githubPullRequests.pushBranch.always":"创建 PR 时始终推送分支，而“from”分支在远程库上不可用。","githubPullRequests.pushBranch.description":"创建 PR 时推送“from”分支，而“from”分支在远程库上不可用。","githubPullRequests.pushBranch.prompt":"在创建 PR 时提示推送分支，而“from”分支在远程上不可用。","githubPullRequests.queries.assignedToMe":"分配给我","githubPullRequests.queries.createdByMe":"由我创建","githubPullRequests.queries.label.description":"要在“拉取请求”树中显示查询的标签","githubPullRequests.queries.markdownDescription":"指定应在 GitHub 拉取请求树中使用哪些查询。所有查询斗士针对当前打开的存储库**进行的。每个查询对象都有一个将在树中显示的 `label`，以及使用 [GitHub 搜索语法](https://help.github.com/en/articles/understanding-the-search-syntax) 的搜索 `query`。变量 `${user}` 可用于指定搜索中已登录的用户。默认情况下，这些查询定义类别为“正在等待我的审阅”、“分配给我”和“由我创建”。如果要保留这些设置，请确保它们在修改设置时仍位于数组中。","githubPullRequests.queries.query.description":"用于搜索拉取请求的查询。","githubPullRequests.queries.waitingForMyReview":"正在等待我的审阅","githubPullRequests.remotes.markdownDescription":"要从中提取拉取请求的远程列表(按名称)。","githubPullRequests.terminalLinksHandler.ask":"询问使用哪种方法","githubPullRequests.terminalLinksHandler.description":"终端链接的默认处理程序。","githubPullRequests.terminalLinksHandler.github":"在 GitHub 上创建拉取请求","githubPullRequests.terminalLinksHandler.vscode":"在 VS Code 中创建拉取请求","githubPullRequests.useReviewMode.closed":"对已关闭的拉取请求使用审阅模式。合并的拉取请求不会被视为“已关闭”请求。","githubPullRequests.useReviewMode.description":"选择将使用审阅模式的拉取请求状态。“打开”拉取请求将始终使用审阅模式。","githubPullRequests.useReviewMode.merged":"对合并的拉取请求使用审阅模式。","submenu.github.issues.overflow.label":"更多操作...","submenu.github.pullRequests.overflow.label":"更多操作...","view.github.active.pull.request.name":"活动拉取请求","view.github.active.pull.request.welcome.name":"活动拉取请求","view.github.compare.changes.name":"比较变更","view.github.create.pull.request.name":"创建拉取请求","view.github.login.name":"登录","view.github.pull.request.name":"GitHub 拉取请求","view.issues.github.name":"问题","view.pr.github.name":"拉取请求","view.pr.status.github.name":"拉取请求中的更改","welcome.github.activePullRequest.contents":"正在加载...","welcome.github.compareChanges.contents":"比较分支没有上游 remote\n[发布分支](command:git.publish)","welcome.github.login.contents":"你尚未使用 GitHub 登录\n[登录](command:pr.signin)","welcome.github.loginWithEnterprise.contents":"[使用 GitHub Enterprise 登录](command:pr.signinenterprise)","welcome.issues.github.noFolder.contents":"尚未打开文件夹。","welcome.issues.github.noRepo.contents":"未找到 git 存储库","welcome.issues.github.uninitialized.contents":"正在加载...","welcome.pr.github.noFolder.contents":"尚未打开文件夹。","welcome.pr.github.noRepo.contents":"未找到 git 存储库","welcome.pr.github.uninitialized.contents":"正在加载..."}
