{"command.comments.category":"Açıklamalar","command.issue.continueWorking.title":"Sorun Üzerinde Çalışmaya Devam Et","command.issue.copyGithubHeadLink.title":"GitHub Ana Bağlantısını Kopyala","command.issue.copyGithubPermalink.title":"GitHub Kalıcı Bağlantısını Kopyala","command.issue.copyIssueNumber.title":"Numara Kopyala","command.issue.copyIssueUrl.title":"URL'yi kopyala","command.issue.copyMarkdownGithubPermalink.title":"GitHub Kalıcı Bağlantısını Markdown olarak kopyalayın","command.issue.createIssue.title":"Sorun oluştur","command.issue.createIssueFromClipboard.title":"Panodan Sorun Oluştur","command.issue.createIssueFromFile.title":"Sorun oluştur","command.issue.createIssueFromSelection.title":"Seçimden Sorun Oluştur","command.issue.editQuery.title":"Sorguyu Düzenle","command.issue.getCurrent.title":"Geçerli sorunu al","command.issue.goToLinkedCode.title":"Bağlantılı Koda Git","command.issue.issueCompletion.title":"Sorun Tamamlama Seçildi","command.issue.openGithubPermalink.title":"Permalink'i GitHub'da aç","command.issue.openIssue.title":"Sorunu GitHub'da Aç","command.issue.refresh.title":"Yenile","command.issue.signinAndRefreshList.title":"Oturum Aç ve Yenile","command.issue.startWorking.title":"Sorun Üzerinde Çalışmaya Başla","command.issue.startWorkingBranchDescriptiveTitle.title":"Sorun Üzerinde Çalışmaya Başla ve Konu Dalını Kullanıma Al","command.issue.startWorkingBranchPrompt.title":"Çalışmaya Başla ve Dalı Ayarla...","command.issue.statusBar.title":"Geçerli Sorun Seçenekleri","command.issue.stopWorking.title":"Sorun Üzerinde Çalışmayı Durdur","command.issue.stopWorkingBranchDescriptiveTitle.title":"Sorun Üzerinde Çalışmayı Durdur ve Konu Dalından Ayrıl","command.issue.suggestRefresh.title":"Önerileri Yenile","command.issue.userCompletion.title":"Kullanıcı Tamamlama Seçildi","command.issues.category":"GitHub Sorunları","command.issues.openIssuesWebsite.title":"GitHub'da Aç","command.pr.cancelEditComment.title":"İptal","command.pr.checkoutByNumber.title":"Çekme İsteğini Numaraya Göre Kullanıma Al","command.pr.close.title":"Çekme İsteğini Kapat","command.pr.collapseAllComments.title":"Tüm Açıklamaları Daralt","command.pr.configurePRViewlet.title":"Yapılandır...","command.pr.configureRemotes.title":"Uzaktan Depoları Yapılandır...","command.pr.copyCommitHash.title":"İşleme Karmasını Kopyala","command.pr.copyVscodeDevPrLink.title":"Vscode.dev Çekme İsteği Bağlantısını Kopyalayın","command.pr.create.title":"Çekme İsteği Oluştur","command.pr.createComment.title":"Açıklama Ekle","command.pr.createSingleComment.title":"Açıklama Ekle","command.pr.deleteComment.title":"Açıklamayı Sil","command.pr.deleteLocalBranch.title":"Yerel Dalı Sil","command.pr.deleteLocalBranchesNRemotes.title":"Yerel dalları ve uzak depoları sil","command.pr.dismissNotification.title":"Bildirimi Kapat","command.pr.editComment.title":"Açıklamayı Düzenle","command.pr.editQuery.title":"Sorguyu Düzenle","command.pr.exit.title":"Varsayılan Dalı Kullanıma Al","command.pr.goToNextDiffInPr.title":"Çekme İsteğinde Sonraki Farka Git","command.pr.markFileAsViewed.title":"Dosyayı Görüntülendi Olarak İşaretle","command.pr.merge.title":"Çekme İsteğini Birleştir","command.pr.openAllDiffs.title":"Tüm Farkları Aç","command.pr.openDescription.title":"Çekme İsteğinin Açıklamasını Görüntüle","command.pr.openDescriptionToTheSide.title":"Çekme İsteği Açıklamasını Yanda Aç","command.pr.openDiffView.title":"Fark Görünümünü Aç","command.pr.openFileOnGitHub.title":"Dosyayı GitHub'da Aç","command.pr.openModifiedFile.title":"Değiştirilen Dosyayı Aç","command.pr.openOriginalFile.title":"Özgün Dosyayı Aç","command.pr.openPullRequestOnGitHub.title":"Çekme İsteğini GitHub'da Açın","command.pr.openPullsWebsite.title":"GitHub'da Aç","command.pr.openReview.title":"Gözden Geçirmeye Git","command.pr.pick.title":"Çekme İsteğini Kullanıma Al","command.pr.readyForReview.title":"Çekme İsteğini Gözden Geçirilmeye Hazır Olarak İşaretle","command.pr.refreshActivePullRequest.title":"Yenile","command.pr.refreshChanges.title":"Yenile","command.pr.refreshDescription.title":"Çekme İsteği Açıklamasını Yenile","command.pr.refreshList.title":"Çekme İstekleri Listesini Yenile","command.pr.refreshPullRequest.title":"Çekme İsteğini Yenile","command.pr.resetViewedFiles.title":"Görüntülenen Dosyaları Sıfırla","command.pr.resolveReviewThread.title":"Konuşmayı Çözümle","command.pr.saveComment.title":"Kaydet","command.pr.setFileListLayoutAsFlat.title":"Görüntüleme Modun Aç/Kapat","command.pr.setFileListLayoutAsTree.title":"Görüntüleme Modun Aç/Kapat","command.pr.showDiffAll.title":"Tüm Değişiklikleri Göster","command.pr.showDiffSinceLastReview.title":"Son Gözden Geçirmeden Bu Yana Değişiklikleri Göster","command.pr.signin.title":"GitHub'da oturum aç","command.pr.signinAndRefreshList.title":"Oturum Aç ve Yenile","command.pr.signinenterprise.title":"GitHub Enterprise'da oturum açın","command.pr.startReview.title":"Gözden Geçirmeye Başla","command.pr.unmarkFileAsViewed.title":"Dosyayı Görüntülenmedi Olarak İşaretle","command.pr.unresolveReviewThread.title":"Konuşmayı Çözümlemeyi Geri Al","command.pull.request.category":"GitHub Çekme İstekleri","command.review.openFile.title":"Dosyayı Aç","command.review.openLocalFile.title":"Dosyayı Aç","command.review.suggestDiff.title":"Düzenleme Öner","description":"GitHub için Çekme İsteği ve Sorun Sağlayıcısı","displayName":"GitHub Çekme İstekleri ve Sorunları","githubIssues.assignWhenWorking.description":"Üzerinde çalıştığınız konuyu size atar. Yalnızca üzerinde çalıştığınız sorun şu anda açık olan bir depoda olduğunda geçerlidir.","githubIssues.createInsertFormat.description":"Sorun Oluşturma kodu eylemi çalıştırıldığında bir sayı numarasının (ör. #1234) veya tam bir url'nin (ör. https://github.com/owner/name/issues/1234) eklenip eklenmeyeceğini denetler.","githubIssues.createIssueTriggers.description":"'Açıklamadan sorun oluştur' kod eyleminin gösterilmesine neden olacak dizeler.","githubIssues.createIssueTriggers.items":"'Açıklamadan sorun oluştur' kod eylemini etkinleştiren dize. Boşluk içermemelidir.","githubIssues.ignoreCompletionTrigger.description":"Sorun tamamlama önerilerini tetiklemek için '#' karakterinin kullanılmaması gereken diller.","githubIssues.ignoreCompletionTrigger.items":"Sorun tamamlamalarının '#' ile tetiklenmeyeceği dil.","githubIssues.ignoreMilestones.description":"Sorunları hiçbir zaman göstermeyecek kilometre taşı başlıklarının dizisi.","githubIssues.ignoreUserCompletionTrigger.description":"Kullanıcı tamamlama önerilerini tetiklemek için '@' karakterinin kullanılmaması gereken diller.","githubIssues.ignoreUserCompletionTrigger.items":"Kullanıcı tamamlamalarının '@' ile tetiklenmeyeceği dil.","githubIssues.issueBranchTitle.markdownDescription":"Bir sorun üzerinde çalışmaya başladığınızda oluşturulan dalın adı için gelişmiş ayarlar. \n- \"${user}\", şu anda oturum açmış olan kullanıcı adıyla değiştirilir\n- '${issueNumber}' geçerli sorun numarasıyla değiştirilir \n- '${sanitizedIssueTitle}' sorun başlığıyla değiştirilir ve tüm boşluklarla desteklenmeyen karakterler (https://git-scm.com/docs/git-check-ref-format) kaldırılır","githubIssues.issueCompletionFormatScm.markdownDescription":"SCM giriş kutusu içinde sorun tamamlamalarının biçimini ayarlar. \n- '${user}' şu anda oturum açmış olan kullanıcı adı ile değiştirilir \n- '${issueNumber}' geçerli sorun numarasıyla değiştirilir \n- \"${issueNumberLabel}\", sorunun geçerli olup olmadığına bağlı olarak #numara veya sahip/depo#numarası olarak biçimlendirilmiş bir etiketle değiştirilir","githubIssues.issueCompletions.enabled.description":"Sorunlar için tamamlama önerilerinin gösterilip gösterilmeyeceğini denetler.","githubIssues.queries.default.createdIssues":"Oluşturulan Sorunlar","githubIssues.queries.default.myIssues":"Sorunlarım","githubIssues.queries.default.recentIssues":"En Son Sorunlar","githubIssues.queries.label":"Sorunlar ağacındaki sorgu için görüntülenecek etiket.","githubIssues.queries.markdownDescription":"Değişkenlerle [GitHub arama sözdizimini](https://help.github.com/en/articles/understanding-the-search-syntax) kullanarak GitHub sorunları ağacında hangi sorguların kullanılması gerektiğini belirtir. Listelenen ilk sorgu, Sorunlar görünümünde genişletilir. \"Varsayılan\" sorgu, Kilometre Taşı tarafından size atanan sorunları içerir. Bunları korumak istiyorsanız, ayarı değiştirirken hala dizide olduklarından emin olun.","githubIssues.queries.query":"Değişkenlerle [GitHub arama sözdizimini](https://help.github.com/en/articles/understanding-the-search-syntax) kullanan arama sorgusu. “${user}” değişkeni, bir aramada oturum açmış kullanıcıyı belirtmek için kullanılabilir. “${owner}” ve “${repository}”, “repo:${owner}/${repository}” kullanılarak depoyu belirtmek için kullanılabilir.","githubIssues.useBranchForIssues.description":"Bir sorun üzerinde çalışırken bir dalın kullanıma alınıp alınmayacağını belirler. Dalın adını yapılandırmak için şunu ayarlayın: `githubIssues.issueBranchTitle`.","githubIssues.useBranchForIssues.off":"Bir sorun üzerinde çalışmaya başladığınızda bir dal oluşturulmaz. Daha önce bir sorun üzerinde çalıştıysanız ve bunun için bir dal oluşturulduysa, aynı dal kullanıma alınır.","githubIssues.useBranchForIssues.on":"Bir sorun üzerinde çalışmaya başladığınızda her zaman bir dal kullanıma alınır. Dal yoksa oluşturulur.","githubIssues.useBranchForIssues.prompt":"Oluşturulacak ve kullanıma alınacak dalın adını ayarlamaya yönelik bir istem gösterilecek.","githubIssues.userCompletions.enabled.description":"Kullanıcılar için tamamlama önerilerinin gösterilip gösterilmeyeceğini denetler.","githubIssues.workingIssueFormatScm.markdownDescription":"**Bir Sorun Üzerinde Çalışmaya Başladığınızda** SCM giriş kutusunda ayarlanan işleme iletisinin biçimini ayarlar. Varsayılan olarak '${issueTitle} \nDüzeltmeler #${issueNumber}' şeklindedir","githubPullRequests.assignCreated.description":"Bu uzantıyla oluşturulan tüm çekme istekleri bu kullanıcıya atanacak. Kendinize atamak için '${user}' değişkenini kullanın.","githubPullRequests.commentExpandState.collapseAll":"Tüm açıklamalar daraltılacak","githubPullRequests.commentExpandState.description":"Açıklama içeren bir belge açıldığında açıklamaların genişletilip genişletilmeyeceğini denetler.","githubPullRequests.commentExpandState.expandUnresolved":"Çözümlenmemiş tüm açıklamalar genişletilecek.","githubPullRequests.createOnPublishBranch.ask":"Bir dal yayımlandığında bir çekme isteği oluşturmak isteyip istemediğinizi sorun.","githubPullRequests.createOnPublishBranch.description":"Bir dal yayımlandığında çekme isteği oluştur.","githubPullRequests.createOnPublishBranch.never":"Bir dal yayımlandığında hiçbir zaman çekme isteği oluşturma.","githubPullRequests.defaultDeletionMethod.selectLocalBranch.description":"True olduğunda, bir çekme isteğinden bir dal silinirken varsayılan olarak yerel dalı silme seçeneği seçilir.","githubPullRequests.defaultDeletionMethod.selectRemote.description":"True olduğunda, bir çekme isteğinden bir dal silinirken varsayılan olarak uzak depoyu silme seçeneği seçilir.","githubPullRequests.defaultMergeMethod.description":"Çekme isteklerini birleştirirken kullanılacak yöntem.","githubPullRequests.fileListLayout.description":"Değiştirilen dosyalar listesini görüntülerken kullanılacak düzen.","githubPullRequests.focusedMode.description":"Bir çekme isteği kullanıma alındığında kullanılacak düzen. Düzen değişikliklerini önlemek için “false” olarak ayarlayın.","githubPullRequests.ignoredPullRequestBranches.description":"Çekme isteğiyle ilişkili dalların otomatik olarak algılanmasını önler. Bu, bu dallarda gözden geçirme moduna girilmesini önler.","githubPullRequests.ignoredPullRequestBranches.items":"Dal adı","githubPullRequests.logLevel.description":"GitHub Çekme İsteği uzantısı günlüğe kaydediliyor. Günlük, GitHub Çekme İsteği olarak adlandırılan çıkış kanalına gönderilir.","githubPullRequests.notifications.description":"GitHub bildirimlerinin kullanıcıya gösterilip gösterilmeyeceğini belirtir.","githubPullRequests.overrideDefaultBranch.description":"Depo için varsayılan dal, github.com'da ayarlanır. Bu ayarı kullanarak, bu varsayılanı başka bir dalla geçersiz kılabilirsiniz.","githubPullRequests.postCreate.description":"Çekme isteği oluşturulduktan sonra gerçekleştirilecek eylem.","githubPullRequests.postCreate.none":"Eylem yok","githubPullRequests.postCreate.openOverview":"Çekme isteğinin genel bakış sayfasını açın","githubPullRequests.pullBranch.always":"PR'de değişiklikler algılandığında her zaman bir PR dalını çek. '\"git.autoStash\": true' olduğunda, beklenmeyen dosya değişikliklerini önlemek için bunun yerine 'prompt' kullanılır.","githubPullRequests.pullBranch.description":"Bir PR dalı yerel olarak kullanıma alındığı zaman değişiklikleri uzak depodan çek. PR el ile yenilendiğinde ve periyodik arka plan güncelleştirmeleri sırasında değişiklikler algılanır.","githubPullRequests.pullBranch.never":"PR'de değişiklikler algılandığında hiçbir zaman PR dalını çekme.","githubPullRequests.pullBranch.prompt":"PR'de değişiklikler algılandığında bir PR dalını çekmeyi iste.","githubPullRequests.pullRequestDescription.commit":"Yalnızca en son işleme iletisini kullan","githubPullRequests.pullRequestDescription.description":"Çekme istekleri oluşturulurken kullanılan açıklama.","githubPullRequests.pullRequestDescription.template":"Çekme isteği şablonu ve işleme açıklaması kullanın veya şablon bulunamadıysa yalnızca işleme açıklamasını kullanın","githubPullRequests.pushBranch.always":"Bir PR oluştururken ve uzak depoda \"kaynak\" dalı mevcut olmadığında her zaman kaynağı gönder.","githubPullRequests.pushBranch.description":"Bir PR oluştururken ve uzak depoda \"kaynak\" dalı mevcut olmadığında \"kaynak\" dalını gönder.","githubPullRequests.pushBranch.prompt":"Bir PR oluştururken ve uzak depoda \"kaynak\" dalı mevcut olmadığında dalı göndermeyi iste.","githubPullRequests.queries.assignedToMe":"Bana Atananlar","githubPullRequests.queries.createdByMe":"Oluşturduklarım","githubPullRequests.queries.label.description":"Çekme İstekleri ağacında sorgu için görüntülenecek etiket","githubPullRequests.queries.markdownDescription":"GitHub Çekme İstekleri ağacında hangi sorguların kullanılması gerektiğini belirtir. Tüm sorgular **şu anda açık olan depolara** karşı yapılır. Her sorgu nesnesinin ağaçta gösterilecek bir \"etiketi\" ve [GitHub arama sözdizimini](https://help.github.com/en/articles/understanding-the-search-syntax) kullanan bir arama \"sorgusu\" vardır. `${user}` değişkeni, bir aramada oturum açmış kullanıcıyı belirtmek için kullanılabilir. Varsayılan olarak bu sorgular \"Gözden Geçirmem Bekleniyor\", \"Bana Atandı\" ve \"Benim Tarafımdan Oluşturuldu\" kategorilerini tanımlar. Bunları korumak istiyorsanız, ayarı değiştirirken hala dizide olduklarından emin olun.","githubPullRequests.queries.query.description":"Çekme isteklerini aramak için kullanılan sorgu.","githubPullRequests.queries.waitingForMyReview":"İncelemem bekleniyor","githubPullRequests.remotes.markdownDescription":"Çekme isteklerinin getirileceği uzak depoların ada göre listesi.","githubPullRequests.terminalLinksHandler.ask":"Hangi yöntemin kullanılacağını sor","githubPullRequests.terminalLinksHandler.description":"Terminal bağlantıları için varsayılan işleyici.","githubPullRequests.terminalLinksHandler.github":"GitHub'da çekme isteği oluşturma","githubPullRequests.terminalLinksHandler.vscode":"Çekme isteğini VS Code'da oluşturun","githubPullRequests.useReviewMode.closed":"Kapalı çekme istekleri için gözden geçirme modunu kullanın. Birleştirilmiş çekme istekleri \"kapalı\" olarak değerlendirilmez.","githubPullRequests.useReviewMode.description":"Hangi çekme isteği durumlarının gözden geçirme modunu kullanacağını seçin. \"Açık\" çekme istekleri her zaman gözden geçirme modunu kullanır.","githubPullRequests.useReviewMode.merged":"Birleştirilmiş çekme istekleri için gözden geçirme modunu kullan.","submenu.github.issues.overflow.label":"Diğer eylemler...","submenu.github.pullRequests.overflow.label":"Diğer eylemler...","view.github.active.pull.request.name":"Etkin Çekme İsteği","view.github.active.pull.request.welcome.name":"Etkin Çekme İsteği","view.github.compare.changes.name":"Değişiklikleri Karşılaştır","view.github.create.pull.request.name":"Çekme İsteği Oluştur","view.github.login.name":"Oturum Aç","view.github.pull.request.name":"GitHub Çekme İsteği","view.issues.github.name":"Sorunlar","view.pr.github.name":"Çekme İstekleri","view.pr.status.github.name":"Çekme İsteğindeki Değişiklikler","welcome.github.activePullRequest.contents":"Yükleniyor...","welcome.github.compareChanges.contents":"Karşılaştırma dalında yukarı akış uzak deposu yok\n[Dalı yayımla](command:git.publish)","welcome.github.login.contents":"Henüz GitHub ile oturum açmadınız\n[Oturum aç](command:pr.signin)","welcome.github.loginWithEnterprise.contents":"[GitHub Enterprise ile oturum açın](command:pr.signinenterprise)","welcome.issues.github.noFolder.contents":"Henüz bir klasör açmadınız.","welcome.issues.github.noRepo.contents":"Git deposu bulunamadı","welcome.issues.github.uninitialized.contents":"Yükleniyor...","welcome.pr.github.noFolder.contents":"Henüz bir klasör açmadınız.","welcome.pr.github.noRepo.contents":"Git deposu bulunamadı","welcome.pr.github.uninitialized.contents":"Yükleniyor..."}
