{"command.comments.category":"Kommentare","command.issue.continueWorking.title":"An Problem weiterarbeiten","command.issue.copyGithubHeadLink.title":"GitHub-Hauptlink kopieren","command.issue.copyGithubPermalink.title":"GitHub-Permalink kopieren","command.issue.copyIssueNumber.title":"Nummer kopieren","command.issue.copyIssueUrl.title":"URL kopieren","command.issue.copyMarkdownGithubPermalink.title":"GitHub-Permalink als Markdown kopieren","command.issue.createIssue.title":"Problem erstellen","command.issue.createIssueFromClipboard.title":"Problem aus Zwischenablage erstellen","command.issue.createIssueFromFile.title":"Problem erstellen","command.issue.createIssueFromSelection.title":"Problem aus Auswahl erstellen","command.issue.editQuery.title":"Abfrage bearbeiten","command.issue.getCurrent.title":"Aktuelles Problem abrufen","command.issue.goToLinkedCode.title":"Zu verknüpftem Code wechseln","command.issue.issueCompletion.title":"Problemvervollständigung ausgewählt","command.issue.openGithubPermalink.title":"Öffnen von Permalink auf GitHub","command.issue.openIssue.title":"Problem auf GitHub öffnen","command.issue.refresh.title":"Aktualisieren","command.issue.signinAndRefreshList.title":"Anmelden und aktualisieren","command.issue.startWorking.title":"Mit der Bearbeitung des Problems beginnen","command.issue.startWorkingBranchDescriptiveTitle.title":"Beginnen Sie mit der Bearbeitung von Problem und checken Sie den Topic-Branch aus.","command.issue.startWorkingBranchPrompt.title":"Arbeit beginnen und Branch festlegen...","command.issue.statusBar.title":"Aktuelle Problemoptionen","command.issue.stopWorking.title":"Bearbeitung des Problems beenden","command.issue.stopWorkingBranchDescriptiveTitle.title":"Problem nicht mehr bearbeiten und Topic-Branch verlassen","command.issue.suggestRefresh.title":"Aktualisierungsvorschläge","command.issue.userCompletion.title":"Benutzerabschluss ausgewählt","command.issues.category":"GitHub-Probleme","command.issues.openIssuesWebsite.title":"In GitHub öffnen","command.pr.cancelEditComment.title":"Abbrechen","command.pr.checkoutByNumber.title":"Pull Request nach Nummer auschecken","command.pr.close.title":"Pull Request schließen","command.pr.collapseAllComments.title":"Alle Kommentare reduzieren","command.pr.configurePRViewlet.title":"Konfigurieren...","command.pr.configureRemotes.title":"Remoterepositorys konfigurieren...","command.pr.copyCommitHash.title":"Commithash kopieren","command.pr.copyVscodeDevPrLink.title":"Link für „vscode.dev“-Pull Request kopieren","command.pr.create.title":"Pull Request erstellen","command.pr.createComment.title":"Kommentar hinzufügen","command.pr.createSingleComment.title":"Kommentar hinzufügen","command.pr.deleteComment.title":"Kommentar löschen","command.pr.deleteLocalBranch.title":"Lokalen Branch löschen","command.pr.deleteLocalBranchesNRemotes.title":"Lokale Branches und Remoterepositorys löschen","command.pr.dismissNotification.title":"Benachrichtigung schließen","command.pr.editComment.title":"Kommentar bearbeiten","command.pr.editQuery.title":"Abfrage bearbeiten","command.pr.exit.title":"Standardbranch auschecken","command.pr.goToNextDiffInPr.title":"Zum nächsten Diff im Pull Request wechseln","command.pr.markFileAsViewed.title":"Datei als angezeigt markieren","command.pr.merge.title":"Pull Request zusammenführen","command.pr.openAllDiffs.title":"Alle Diffs öffnen","command.pr.openDescription.title":"Pull Request-Beschreibung anzeigen","command.pr.openDescriptionToTheSide.title":"Pull Request-Beschreibung zur Seite öffnen","command.pr.openDiffView.title":"Diff-Ansicht öffnen","command.pr.openFileOnGitHub.title":"Datei auf GitHub öffnen","command.pr.openModifiedFile.title":"Geänderte Datei öffnen","command.pr.openOriginalFile.title":"Originaldatei öffnen","command.pr.openPullRequestOnGitHub.title":"Pull Request auf GitHub öffnen","command.pr.openPullsWebsite.title":"In GitHub öffnen","command.pr.openReview.title":"Zur Überprüfung wechseln","command.pr.pick.title":"Pull Request auschecken","command.pr.readyForReview.title":"Pull Request zur Überprüfung markieren","command.pr.refreshActivePullRequest.title":"Aktualisieren","command.pr.refreshChanges.title":"Aktualisieren","command.pr.refreshDescription.title":"Pull Request-Beschreibung aktualisieren","command.pr.refreshList.title":"Pull Requests-Liste aktualisieren","command.pr.refreshPullRequest.title":"Pull Request aktualisieren","command.pr.resetViewedFiles.title":"Angezeigte Dateien zurücksetzen","command.pr.resolveReviewThread.title":"Unterhaltung auflösen","command.pr.saveComment.title":"Speichern","command.pr.setFileListLayoutAsFlat.title":"Ansichtsmodus umschalten","command.pr.setFileListLayoutAsTree.title":"Ansichtsmodus umschalten","command.pr.showDiffAll.title":"Alle Änderungen anzeigen","command.pr.showDiffSinceLastReview.title":"Änderungen seit der letzten Überprüfung anzeigen","command.pr.signin.title":"Bei GitHub anmelden","command.pr.signinAndRefreshList.title":"Anmelden und aktualisieren","command.pr.signinenterprise.title":"Anmelden bei GitHub Enterprise","command.pr.startReview.title":"Überprüfung starten","command.pr.unmarkFileAsViewed.title":"Datei als nicht angezeigt markieren","command.pr.unresolveReviewThread.title":"Unterhaltung nicht auflösen","command.pull.request.category":"GitHub-Pull Requests","command.review.openFile.title":"Datei öffnen","command.review.openLocalFile.title":"Datei öffnen","command.review.suggestDiff.title":"Bearbeitung vorschlagen","description":"Pull Request- und Problemanbieter für GitHub","displayName":"GitHub-Pull Requests und -Probleme","githubIssues.assignWhenWorking.description":"Weist Ihnen das Problem zu, an dem Sie gerade arbeiten. Gilt nur, wenn sich das Problem, an dem Sie gerade arbeiten, in einem Repository befindet, das Sie derzeit geöffnet haben.","githubIssues.createInsertFormat.description":"Steuert, ob eine Problemnummer (z. B. #1234) oder eine vollständige URL (z. B. https://github.com/owner/name/issues/1234) eingefügt wird, wenn die Codeaktion „Problem erstellen“ ausgeführt wird.","githubIssues.createIssueTriggers.description":"Zeichenfolgen, die dazu führen, dass die Codeaktion „Problem aus Kommentar erstellen“ angezeigt wird.","githubIssues.createIssueTriggers.items":"Zeichenfolge, welche die Codeaktion „Problem aus Kommentar erstellen“ aktiviert. Darf keine Leerzeichen enthalten.","githubIssues.ignoreCompletionTrigger.description":"Sprachen, in denen das Zeichen „#“ nicht verwendet werden sollte, um Problemvervollständigungsvorschläge auszulösen.","githubIssues.ignoreCompletionTrigger.items":"Sprache, in denen Problemvervollständigungen für „#“ nicht ausgelöst werden sollen.","githubIssues.ignoreMilestones.description":"Ein Array von Meilensteintiteln, aus denen nie Probleme angezeigt werden.","githubIssues.ignoreUserCompletionTrigger.description":"Sprachen, in denen das Zeichen „@“ nicht verwendet werden sollte, um Benutzervervollständigungsvorschläge auszulösen.","githubIssues.ignoreUserCompletionTrigger.items":"Sprache, in denen Benutzervervollständigungen für „@“ nicht ausgelöst werden sollen.","githubIssues.issueBranchTitle.markdownDescription":"Erweiterte Einstellungen für den Namen des Branches, der erstellt wird, wenn Sie mit der Arbeit an einem Problem beginnen. \n– „${user}“ wird durch den aktuell angemeldeten Benutzernamen ersetzt\n– „${issueNumber}“ wird durch die aktuelle Problemnummer ersetzt\n– „${sanitizedIssueTitle}“ wird durch den Problemtitel ersetzt, mit allen Leerzeichen und nicht unterstützten Zeichen (https://git-scm.com/docs/git-check-ref-format) entfernt","githubIssues.issueCompletionFormatScm.markdownDescription":"Legt das Format der Problemvervollständigungen im SCM-Eingabefeld fest. \n– „${user}“ wird mit dem aktuell angemeldeten Benutzernamen ersetzt\n– „${issueNumber}“ wird durch die aktuelle Problemnummer ersetzt\n– „${issueNumberLabel}“ wird durch eine Bezeichnung ersetzt, die als #number oder owner/repository#number formatiert ist, abhängig davon, ob sich das Problem im aktuellen Repository befindet","githubIssues.issueCompletions.enabled.description":"Steuert, ob Vervollständigungsvorschläge für Probleme angezeigt werden.","githubIssues.queries.default.createdIssues":"Erstellte Probleme","githubIssues.queries.default.myIssues":"Meine Probleme","githubIssues.queries.default.recentIssues":"Aktuelle Probleme","githubIssues.queries.label":"Die Bezeichnung, die für die Abfrage in der Problemstruktur angezeigt werden soll.","githubIssues.queries.markdownDescription":"Gibt an, welche Abfragen in der GitHub-Problemstruktur mithilfe der [GitHub-Suchsyntax](https://help.github.com/en/articles/understanding-the-search-syntax) mit Variablen verwendet werden sollen. Die erste aufgelistete Abfrage wird in der Ansicht „Probleme“ erweitert werden. Die „Standard“-Abfrage enthält Probleme, die Ihnen von Meilenstein zugewiesen wurden. Wenn Sie diese beibehalten möchten, stellen Sie sicher, dass sie sich immer noch im Array befinden, wenn Sie die Einstellung ändern.","githubIssues.queries.query":"Die Suchabfrage, die [GitHub-Suchsyntax](https://help.github.com/en/articles/understanding-the-search-syntax) mit Variablen verwendet. Die Variable „${user}“§ kann verwendet werden, um den angemeldeten Benutzer innerhalb einer Suche anzugeben. „${owner}“ und „${repository}“ können verwendet werden, um das Repository mithilfe von „repo:${owner}/${repository}“ anzugeben.","githubIssues.useBranchForIssues.description":"Bestimmt, ob ein Branch ausgecheckt werden sollte, wenn an einem Problem gearbeitet wird. Legen Sie `githubIssues.issueBranchTitle` fest, um den Namen des Branches zu konfigurieren.","githubIssues.useBranchForIssues.off":"Wenn Sie mit der Bearbeitung eines Problem beginnen, wird kein Branch erstellt. Wenn Sie zuvor an einem Problem gearbeitet haben und ein Branch dafür erstellt wurde, wird derselbe Branch ausgecheckt.","githubIssues.useBranchForIssues.on":"Ein Branch wird immer ausgecheckt, wenn Sie mit der Arbeit an einem Problem beginnen. Wenn der Branch nicht vorhanden ist, wird er erstellt.","githubIssues.useBranchForIssues.prompt":"Eine Eingabeaufforderung wird angezeigt, um den Namens des Branches festzulegen, der erstellt und ausgecheckt werden wird.","githubIssues.userCompletions.enabled.description":"Steuert, ob Vervollständigungsvorschläge für Benutzer angezeigt werden.","githubIssues.workingIssueFormatScm.markdownDescription":"Legt das Format der Commitnachricht fest, die im SCM-Eingabefeld festgelegt wird, wenn Sie **Mit der Bearbeitung eines Problems beginnen**. Der Standardwert ist „${issueTitle} \nFixes #${issueNumber}“","githubPullRequests.assignCreated.description":"Alle Pull Requests, die mit dieser Erweiterung erstellt wurden, werden diesem Benutzer zugewiesen. Um sich selbst zuzuweisen, verwenden Sie die Variable „${user}“.","githubPullRequests.commentExpandState.collapseAll":"Alle Kommentare werden reduziert.","githubPullRequests.commentExpandState.description":"Steuert, ob Kommentare erweitert werden, wenn ein Dokument mit Kommentaren geöffnet wird.","githubPullRequests.commentExpandState.expandUnresolved":"Alle nicht aufgelösten Kommentare werden erweitert.","githubPullRequests.createOnPublishBranch.ask":"Fragen Sie, ob Sie einen Pull Request erstellen möchten, wenn ein Branch veröffentlicht wird.","githubPullRequests.createOnPublishBranch.description":"Erstellen Sie einen Pull Request, wenn ein Branch veröffentlicht wird.","githubPullRequests.createOnPublishBranch.never":"Erstellen Sie niemals einen Pull Request, wenn ein Branch veröffentlicht wird.","githubPullRequests.defaultDeletionMethod.selectLocalBranch.description":"Bei WAHR wird die Option zum Löschen des lokalen Branches standardmäßig ausgewählt, wenn ein Branch aus einem Pull Request gelöscht wird.","githubPullRequests.defaultDeletionMethod.selectRemote.description":"Bei WAHR wird die Option zum Löschen des Remoterepositorys standardmäßig ausgewählt, wenn ein Branch aus einem Pull Request gelöscht wird.","githubPullRequests.defaultMergeMethod.description":"Die Methode, die beim Zusammenführen von Pull Requests verwendet werden soll.","githubPullRequests.fileListLayout.description":"Das Layout, das beim Anzeigen der Liste geänderter Dateien verwendet werden soll.","githubPullRequests.focusedMode.description":"Das Layout, das beim Auschecken eines Pull Requests verwendet werden soll. Legen Sie diesen Wert auf FALSCH fest, um Layoutänderungen zu verhindern.","githubPullRequests.ignoredPullRequestBranches.description":"Verhindert, dass Branches, die einem Pull Request zugeordnet sind, automatisch erkannt werden. Dadurch wird verhindert, dass der Überprüfungsmodus für diese Branches aktiviert wird.","githubPullRequests.ignoredPullRequestBranches.items":"Branchname","githubPullRequests.logLevel.description":"Protokollierung für die GitHub-Pull Request-Erweiterung. Das Protokoll wird an den Ausgabekanal mit dem Namen „GitHub-Pull Request“ ausgegeben.","githubPullRequests.notifications.description":"Wenn dem Benutzer GitHub-Benachrichtigungen angezeigt werden sollen.","githubPullRequests.overrideDefaultBranch.description":"Der Standardbranch für ein Repository ist auf github.com festgelegt. Mit dieser Einstellung können Sie diesen Standardwert mit einem anderen Branch überschreiben.","githubPullRequests.postCreate.description":"Die Aktion, die nach dem Erstellen eines Pull Requests ausgeführt werden soll.","githubPullRequests.postCreate.none":"Keine Aktion","githubPullRequests.postCreate.openOverview":"Öffnen der Übersicht des Pull Requests","githubPullRequests.pullBranch.always":"Pullen Sie einen PR-Branch immer, wenn Änderungen im PR erkannt werden. Bei „„git.autoStash“: true“ werden Sie stattdessen „aufgefordert“, unerwartete Dateiänderungen zu verhindern.","githubPullRequests.pullBranch.description":"Pullen Sie Änderungen vom Remoterepository, wenn ein PR-Branch lokal ausgecheckt ist. Änderungen werden erkannt, wenn der PR manuell aktualisiert wird und während regelmäßiger Hintergrundaktualisierungen.","githubPullRequests.pullBranch.never":"Pullen Sie niemals einen PR-Branch, wenn Änderungen im PR erkannt werden.","githubPullRequests.pullBranch.prompt":"Eingabeaufforderung zum Pullen eines PR-Branches, wenn Änderungen im PR erkannt werden.","githubPullRequests.pullRequestDescription.commit":"Nur die neueste Commitnachricht verwenden","githubPullRequests.pullRequestDescription.description":"Die Beschreibung, die beim Erstellen von Pull Requests verwendet wird.","githubPullRequests.pullRequestDescription.template":"Verwenden Sie eine Pull Request-Vorlage und eine Commitbeschreibung, oder verwenden Sie einfach die Commitbeschreibung, wenn keine Vorlagen gefunden wurden.","githubPullRequests.pushBranch.always":"Pushen Sie den Branch immer, wenn Sie einen PR erstellen und der „von“-Branch auf dem Remoterepository nicht verfügbar ist.","githubPullRequests.pushBranch.description":"Pushen Sie den „von“-Branch, wenn Sie einen PR erstellen und der „von“-Branch auf dem Remoterepository nicht verfügbar ist.","githubPullRequests.pushBranch.prompt":"Eingabeaufforderung zum Pushen des Branches, wenn ein PR erstellt wird und der „von“-Branch auf dem Remoterepository nicht verfügbar ist.","githubPullRequests.queries.assignedToMe":"Zugewiesen an mich","githubPullRequests.queries.createdByMe":"Erstellt von mir","githubPullRequests.queries.label.description":"Die Bezeichnung, die für die Abfrage in der Pull Request-Struktur angezeigt werden soll.","githubPullRequests.queries.markdownDescription":"Gibt an, welche Abfragen in der GitHub-Pull Requests-Struktur verwendet werden sollen. Alle Abfragen werden gegen **das aktuell geöffnete Repository** gemacht. Jedes Abfrageobjekt verfügt über eine „Bezeichnung“, die in der Struktur angezeigt wird, und eine „Suchabfrage“ mit [GitHub-Suchsyntax](https://help.github.com/en/articles/understanding-the-search-syntax). Die Variable „${user}“ kann verwendet werden, um den angemeldeten Benutzer innerhalb einer Suche anzugeben. Standardmäßig definieren diese Abfragen die Kategorien „Warten auf meine Überprüfung“, „Zugewiesen an mich“ und „Von mir erstellt“. Wenn Sie diese beibehalten möchten, stellen Sie sicher, dass sie sich immer noch im Array befinden, wenn Sie diese Einstellung ändern.","githubPullRequests.queries.query.description":"Die Abfrage, die zum Durchsuchen von Pull Requests verwendet wird.","githubPullRequests.queries.waitingForMyReview":"Warten auf meine Überprüfung","githubPullRequests.remotes.markdownDescription":"Liste der Remoterepositorys nach Namen, von denen Pull Requests abgerufen werden sollen.","githubPullRequests.terminalLinksHandler.ask":"Fragen Sie, welche Methode verwendet werden soll","githubPullRequests.terminalLinksHandler.description":"Standardhandler für Terminalverbindungen.","githubPullRequests.terminalLinksHandler.github":"Erstellen des Pull Requests auf GitHub","githubPullRequests.terminalLinksHandler.vscode":"Erstellen des Pull Requests in VS Code","githubPullRequests.useReviewMode.closed":"Verwenden Sie den Überprüfungsmodus für geschlossene Pull Requests. Zusammengeführte Pull Requests werden nicht als „geschlossen“ betrachtet.","githubPullRequests.useReviewMode.description":"Wählen Sie aus, welche Pull Request-Zustände den Überprüfungsmodus verwenden. „Offene“ Pull Requests verwenden immer den Überprüfungsmodus.","githubPullRequests.useReviewMode.merged":"Verwenden Sie den Überprüfungsmodus für zusammengeführte Pull Requests.","submenu.github.issues.overflow.label":"Weitere Aktionen...","submenu.github.pullRequests.overflow.label":"Weitere Aktionen...","view.github.active.pull.request.name":"Aktiver Pull Request","view.github.active.pull.request.welcome.name":"Aktiver Pull Request","view.github.compare.changes.name":"Änderungen vergleichen","view.github.create.pull.request.name":"Pull Request erstellen","view.github.login.name":"Anmelden","view.github.pull.request.name":"GitHub-Pull Request","view.issues.github.name":"Probleme","view.pr.github.name":"Pull Requests","view.pr.status.github.name":"Änderungen im Pull Request","welcome.github.activePullRequest.contents":"Wird geladen...","welcome.github.compareChanges.contents":"Der Vergleichsbranch verfügt über kein Upstream-Remoterepository\n[Branch veröffentlichen](command:git.publish)","welcome.github.login.contents":"Sie haben sich noch nicht bei GitHub angemeldet\n[Anmelden](command:pr.signin)","welcome.github.loginWithEnterprise.contents":"[Mit GitHub Enterprise anmelden](command:pr.signinenterprise)","welcome.issues.github.noFolder.contents":"Sie haben noch keinen Ordner geöffnet.","welcome.issues.github.noRepo.contents":"Keine Git-Repositorys gefunden","welcome.issues.github.uninitialized.contents":"Wird geladen...","welcome.pr.github.noFolder.contents":"Sie haben noch keinen Ordner geöffnet.","welcome.pr.github.noRepo.contents":"Keine Git-Repositorys gefunden","welcome.pr.github.uninitialized.contents":"Wird geladen..."}
