{"command.comments.category":"Комментарии","command.issue.continueWorking.title":"Продолжить работу над проблемой","command.issue.copyGithubHeadLink.title":"Копировать ссылку на главную страницу GitHub","command.issue.copyGithubPermalink.title":"Копировать постоянную ссылку GitHub","command.issue.copyIssueNumber.title":"Копировать номер","command.issue.copyIssueUrl.title":"Копировать URL-адрес","command.issue.copyMarkdownGithubPermalink.title":"Копировать постоянную ссылку GitHub как Markdown","command.issue.createIssue.title":"Создать вопрос","command.issue.createIssueFromClipboard.title":"Создать вопрос из буфера обмена","command.issue.createIssueFromFile.title":"Создание вопроса","command.issue.createIssueFromSelection.title":"Создать вопрос из выделенного фрагмента","command.issue.editQuery.title":"Изменить запрос","command.issue.getCurrent.title":"Получить текущую проблему","command.issue.goToLinkedCode.title":"Перейти к связанному коду","command.issue.issueCompletion.title":"Выбрано завершение проблемы","command.issue.openGithubPermalink.title":"Открыть постоянную ссылку в GitHub","command.issue.openIssue.title":"Открыть проблему в GitHub","command.issue.refresh.title":"Обновить","command.issue.signinAndRefreshList.title":"Войти и обновить","command.issue.startWorking.title":"Начать работу над проблемой","command.issue.startWorkingBranchDescriptiveTitle.title":"Начать работу над тематической веткой \"Проблема и извлечение\"","command.issue.startWorkingBranchPrompt.title":"Начать работу и задать ветвь...","command.issue.statusBar.title":"Параметры текущего вопроса","command.issue.stopWorking.title":"Прекратить работу над проблемой","command.issue.stopWorkingBranchDescriptiveTitle.title":"Прекратить работу над проблемой и выйти из тематической ветки","command.issue.suggestRefresh.title":"Обновить предложения","command.issue.userCompletion.title":"Выбрано завершение работы пользователя","command.issues.category":"Проблемы GitHub","command.issues.openIssuesWebsite.title":"Открыть в GitHub","command.pr.cancelEditComment.title":"Отмена","command.pr.checkoutByNumber.title":"Извлечь запрос на вытягивание по номеру","command.pr.close.title":"Закрыть запрос на вытягивание","command.pr.collapseAllComments.title":"Свернуть все комментарии","command.pr.configurePRViewlet.title":"Настроить...","command.pr.configureRemotes.title":"Настройка удаленных...","command.pr.copyCommitHash.title":"Копировать хэш фиксации","command.pr.copyVscodeDevPrLink.title":"Копировать ссылку на запрос на вытягивание vscode.dev","command.pr.create.title":"Создать запрос на вытягивание","command.pr.createComment.title":"Добавить комментарий","command.pr.createSingleComment.title":"Добавить комментарий","command.pr.deleteComment.title":"Удалить комментарий","command.pr.deleteLocalBranch.title":"Удалить локальную ветвь","command.pr.deleteLocalBranchesNRemotes.title":"Удалить локальные и удаленные ветви","command.pr.dismissNotification.title":"Удалить уведомление","command.pr.editComment.title":"Изменить комментарий","command.pr.editQuery.title":"Изменить запрос","command.pr.exit.title":"Извлечь ветвь по умолчанию","command.pr.goToNextDiffInPr.title":"Перейти к следующему несовпадению в запросе на вытягивание","command.pr.markFileAsViewed.title":"Пометить файл как просмотренный","command.pr.merge.title":"Объединить запрос на вытягивание","command.pr.openAllDiffs.title":"Открыть все отличия","command.pr.openDescription.title":"Просмотреть описание запроса на вытягивание","command.pr.openDescriptionToTheSide.title":"Открыть описание запроса на вытягивание сбоку","command.pr.openDiffView.title":"Открыть представление сравнения","command.pr.openFileOnGitHub.title":"Открыть файл в GitHub","command.pr.openModifiedFile.title":"Открыть измененный файл","command.pr.openOriginalFile.title":"Открыть исходный файл","command.pr.openPullRequestOnGitHub.title":"Открыть запрос на вытягивание в GitHub","command.pr.openPullsWebsite.title":"Открыть в GitHub","command.pr.openReview.title":"Перейти к отзыву","command.pr.pick.title":"Извлечь запрос на вытягивание","command.pr.readyForReview.title":"Пометить запрос на вытягивание как готовый к проверке","command.pr.refreshActivePullRequest.title":"Обновить","command.pr.refreshChanges.title":"Обновить","command.pr.refreshDescription.title":"Обновить описание запроса на вытягивание","command.pr.refreshList.title":"Обновить список запросов на вытягивание","command.pr.refreshPullRequest.title":"Обновить запрос на вытягивание","command.pr.resetViewedFiles.title":"Сбросить просмотренные файлы","command.pr.resolveReviewThread.title":"Разрешить беседу","command.pr.saveComment.title":"Сохранить","command.pr.setFileListLayoutAsFlat.title":"Переключить режим просмотра","command.pr.setFileListLayoutAsTree.title":"Переключить режим просмотра","command.pr.showDiffAll.title":"Показать все изменения","command.pr.showDiffSinceLastReview.title":"Показать изменения с момента последней проверки","command.pr.signin.title":"Войти в GitHub","command.pr.signinAndRefreshList.title":"Войти и обновить","command.pr.signinenterprise.title":"Войти в GitHub Enterprise","command.pr.startReview.title":"Начать проверку","command.pr.unmarkFileAsViewed.title":"Пометить файл как непросмотренный","command.pr.unresolveReviewThread.title":"Отменить разрешение беседы","command.pull.request.category":"Запросы на вытягивание GitHub","command.review.openFile.title":"Открыть файл","command.review.openLocalFile.title":"Открыть файл","command.review.suggestDiff.title":"Предложить правку","description":"Поставщик запросов на вытягивание и проблем для GitHub","displayName":"Запросы на вытягивание и проблемы GitHub","githubIssues.assignWhenWorking.description":"Назначает вам проблему, над которой вы работаете. Применяется, только если проблема, над которой вы работаете, находится в текущем открытом репозитории.","githubIssues.createInsertFormat.description":"Определяет, вставляется ли номер проблемы (например, #1234) или полный URL-адрес (например, https://github.com/owner/name/issues/1234) при выполнении действия кода \"Создать проблему\".","githubIssues.createIssueTriggers.description":"Строки, которые вызовут отображение действия кода \"Создать проблему из комментария\".","githubIssues.createIssueTriggers.items":"Строка, включающая действие кода \"Создать проблему из комментария\". Не должна содержать пробелы.","githubIssues.ignoreCompletionTrigger.description":"Языки, в которых не следует использовать символ \"#\" для активации предложений завершения проблем.","githubIssues.ignoreCompletionTrigger.items":"Язык, который выдает завершения, не должен активироваться по \"#\".","githubIssues.ignoreMilestones.description":"Массив заголовков вех, из которых никогда не отображаются проблемы.","githubIssues.ignoreUserCompletionTrigger.description":"Языки, в которых не следует использовать символ \"@\" для активации предложений завершения пользователей.","githubIssues.ignoreUserCompletionTrigger.items":"Язык, который завершает пользователей, не должен активироваться по \"@\".","githubIssues.issueBranchTitle.markdownDescription":"Дополнительные параметры для имени ветви, созданной при начале работы над проблемой. \n- \"${user}\" заменяется именем текущего пользователя, выполнившего вход \n- \"${issueNumber}\" заменяется текущим номером проблемы \n- \"${sanitizedIssueTitle}\" заменяется заголовком проблемы, при этом все пробелы и неподдерживаемые символы (https://git-scm.com/docs/git-check-ref-format) будут удалены","githubIssues.issueCompletionFormatScm.markdownDescription":"Задает формат завершения проблем в поле ввода SCM. \n- \"${user}\" заменяется именем текущего пользователя, выполнившего вход \n- \"${issueNumber}\" заменяется текущим номером проблемы \n- \"${issueNumberLabel}\" заменяется меткой в формате #число или владелец/репозиторий#число, в зависимости от того, находится ли проблема в текущем репозитории","githubIssues.issueCompletions.enabled.description":"Определяет, отображаются ли предложения завершения для проблем.","githubIssues.queries.default.createdIssues":"Созданные проблемы","githubIssues.queries.default.myIssues":"Мои вопросы","githubIssues.queries.default.recentIssues":"Недавние проблемы","githubIssues.queries.label":"Метка, отображаемая для запроса в дереве проблем.","githubIssues.queries.markdownDescription":"Указывает, какие запросы следует использовать в дереве проблем GitHub при использовании [синтаксиса поиска GitHub](https://help.github.com/en/articles/understanding-the-search-syntax) с переменными. Первый указанный запрос будет развернут в представлении \"Проблемы\". Запрос \"по умолчанию\" содержит проблемы, назначенные вам Вехой. Если вы хотите сохранить их, при изменении параметра убедитесь, что они все еще находятся в массиве.","githubIssues.queries.query":"Поисковый запрос, использующий [синтаксис поиска GitHub](https://help.github.com/en/articles/understanding-the-search-syntax) с переменными. Переменную \"${user}\" можно использовать для указания в поиске пользователя, выполнившего вход. Для указания репозитория можно использовать переменные \"${owner}\" и \"${repository}\" в команде \"repo:${owner}/${repository}\".","githubIssues.useBranchForIssues.description":"Определяет, следует ли извлекать ветвь при работе над проблемой. Чтобы настроить имя ветви, задайте `githubIssues.issueBranchTitle`.","githubIssues.useBranchForIssues.off":"Ветвь не создается при начале работы над проблемой. Если вы работали над проблемой ранее и для нее была создана ветвь, то будет извлечена та же самая ветвь.","githubIssues.useBranchForIssues.on":"Ветвь всегда извлекается при начале работы над проблемой. Если ветвь не существует, она будет создана.","githubIssues.useBranchForIssues.prompt":"Появится запрос на ввод имени ветви, которая будет создана и извлечена.","githubIssues.userCompletions.enabled.description":"Определяет, отображаются ли предложения завершения для пользователей.","githubIssues.workingIssueFormatScm.markdownDescription":"Задает формат сообщения фиксации, заданного в поле ввода SCM при **Запуске работы над проблемой**. Значение по умолчанию — \"${issueTitle} \nИсправление #${issueNumber}\"","githubPullRequests.assignCreated.description":"Этому пользователю будут назначены все запросы на вытягивание, созданные с помощью этого расширения. Чтобы назначить себе, используйте переменную \"${user}\".","githubPullRequests.commentExpandState.collapseAll":"Все комментарии будут свернуты","githubPullRequests.commentExpandState.description":"Определяет, развернуты ли комментарии при открытии документа с комментариями.","githubPullRequests.commentExpandState.expandUnresolved":"Все неразрешенные комментарии будут развернуты.","githubPullRequests.createOnPublishBranch.ask":"Спрашивать о создании запроса на вытягивание при публикации ветви.","githubPullRequests.createOnPublishBranch.description":"Создавать запрос на вытягивание при публикации ветви.","githubPullRequests.createOnPublishBranch.never":"Никогда не создавать запрос на вытягивание при публикации ветви.","githubPullRequests.defaultDeletionMethod.selectLocalBranch.description":"Если выбрано значение ИСТИНА, при удалении ветви из запроса на вытягивание по умолчанию выбирается параметр удаления локальной ветви.","githubPullRequests.defaultDeletionMethod.selectRemote.description":"Если выбрано значение ИСТИНА, при удалении ветви из запроса на вытягивание по умолчанию выбирается параметр удаления удаленного репозитория.","githubPullRequests.defaultMergeMethod.description":"Метод, используемый при объединении запросов на вытягивание.","githubPullRequests.fileListLayout.description":"Макет для отображения списка измененных файлов.","githubPullRequests.focusedMode.description":"Макет, используемый при извлечении запроса на вытягивание. Установите значение ЛОЖЬ, чтобы предотвратить изменение макета.","githubPullRequests.ignoredPullRequestBranches.description":"Предотвращает автоматическое обнаружение ветвей, связанных с запросом на вытягивание. Это предотвратит вход в режим проверки для этих ветвей.","githubPullRequests.ignoredPullRequestBranches.items":"Имя ветви","githubPullRequests.logLevel.description":"Ведение журнала для расширения запроса на вытягивание GitHub. Журнал отправляется в выходной канал с именем GitHub Pull Request.","githubPullRequests.notifications.description":"Должны ли уведомления GitHub отображаться для пользователя.","githubPullRequests.overrideDefaultBranch.description":"Ветвь по умолчанию для репозитория установлена ​​на github.com. С помощью этого параметра вы можете переопределить это значение по умолчанию другой ветвью.","githubPullRequests.postCreate.description":"Действие, которое следует выполнить после создания запроса на вытягивание.","githubPullRequests.postCreate.none":"Нет действия","githubPullRequests.postCreate.openOverview":"Открыть страницу обзора запроса на вытягивание","githubPullRequests.pullBranch.always":"Всегда извлекать ветвь PR при обнаружении изменений в PR. Если \"\"git.autoStash\": ИСТИНА\", вместо этого отобразится запрос на предотвращение непредвиденного изменения файлов.","githubPullRequests.pullBranch.description":"Отправить изменения из удаленного репозитория при локальном извлечении ветви PR. Изменения обнаружены при обновлении PR вручную и во время периодических фоновых обновлений.","githubPullRequests.pullBranch.never":"Не извлекать ветку PR при обнаружении изменений в PR.","githubPullRequests.pullBranch.prompt":"Запрашивать вытягивание ветви PR при обнаружении изменений в PR.","githubPullRequests.pullRequestDescription.commit":"Использовать только последнее сообщение фиксации","githubPullRequests.pullRequestDescription.description":"Описание, используемое при создании запросов на вытягивание.","githubPullRequests.pullRequestDescription.template":"Использовать шаблон запроса на вытягивание и описание фиксации или просто описание фиксации, если шаблоны не найдены.","githubPullRequests.pushBranch.always":"Всегда отправлять ветвь \"from\" при создании PR, и ветвь \"from\" недоступна на удаленном репозитории.","githubPullRequests.pushBranch.description":"Отправлять ветвь \"from\" при создании PR, и ветвь \"from\" недоступна на удаленном репозитории.","githubPullRequests.pushBranch.prompt":"Запрашивать отправку ветви \"from\" при создании PR, и ветвь \"from\" недоступна на удаленном репозитории.","githubPullRequests.queries.assignedToMe":"Назначено мне","githubPullRequests.queries.createdByMe":"Созданные мной","githubPullRequests.queries.label.description":"Метка, отображаемая для запроса в дереве запросов на вытягивание","githubPullRequests.queries.markdownDescription":"Указывает, какие запросы следует использовать в дереве запросов на вытягивание GitHub. Все запросы выполняются в **текущих открытых репозиториях**. Каждый объект запроса содержит \"метку\", которая будет отображаться в дереве, и поисковый \"запрос\" с использованием [синтаксиса поиска GitHub](https://help.github.com/en/articles/understanding-the-search-syntax). Переменная \"${user}\" может применяться для указания вошедшего в систему пользователя в рамках поиска. По умолчанию эти запросы определяют категории \"Ожидание проверки\", \"Назначено мне\" и \"Создано мной\". Если нужно сохранить их, они должны по-прежнему находиться в массиве при изменении параметра.","githubPullRequests.queries.query.description":"Запрос, используемый для поиска запросов на вытягивание.","githubPullRequests.queries.waitingForMyReview":"Ожидание проверки","githubPullRequests.remotes.markdownDescription":"Список удаленных репозиториев по имени для получения запросов на вытягивание.","githubPullRequests.terminalLinksHandler.ask":"Спрашивать, какой метод использовать","githubPullRequests.terminalLinksHandler.description":"Обработчик по умолчанию для связей терминалов.","githubPullRequests.terminalLinksHandler.github":"Создание запроса на вытягивание на GitHub","githubPullRequests.terminalLinksHandler.vscode":"Создание запроса на вытягивание в VS Code","githubPullRequests.useReviewMode.closed":"Используйте режим проверки для закрытых запросов на вытягивание. Объединенные запросы на вытягивание не считаются \"закрытыми\".","githubPullRequests.useReviewMode.description":"Выберите состояния запросов на вытягивание, которые будут использовать режим проверки. \"Открытые\" запросы на вытягивание всегда будут использовать режим проверки.","githubPullRequests.useReviewMode.merged":"Использовать режим проверки для объединенных запросов на вытягивание.","submenu.github.issues.overflow.label":"Дополнительные действия…","submenu.github.pullRequests.overflow.label":"Дополнительные действия…","view.github.active.pull.request.name":"Активный запрос на вытягивание","view.github.active.pull.request.welcome.name":"Активный запрос на вытягивание","view.github.compare.changes.name":"Сравнить изменения","view.github.create.pull.request.name":"Создание запроса на вытягивание","view.github.login.name":"Вход","view.github.pull.request.name":"Запрос на вытягивание GitHub","view.issues.github.name":"Проблемы","view.pr.github.name":"Запросы на вытягивание","view.pr.status.github.name":"Изменения в запросе на вытягивание","welcome.github.activePullRequest.contents":"Выполнятся загрузка...","welcome.github.compareChanges.contents":"У сравниваемой ветви нет вышестоящего удаленного репозитория\n[Publish branch](command:git.publish)","welcome.github.login.contents":"Вы еще не вошли в систему с помощью GitHub \n[Sign in](command:pr.signin)","welcome.github.loginWithEnterprise.contents":"[Sign in with GitHub Enterprise](command:pr.signinenterprise)","welcome.issues.github.noFolder.contents":"Папка еще не открыта.","welcome.issues.github.noRepo.contents":"Репозитории GIT не найдены","welcome.issues.github.uninitialized.contents":"Выполнятся загрузка...","welcome.pr.github.noFolder.contents":"Папка еще не открыта.","welcome.pr.github.noRepo.contents":"Репозитории GIT не найдены","welcome.pr.github.uninitialized.contents":"Выполнятся загрузка..."}
