{"command.comments.category":"Çømmëñts","command.issue.continueWorking.title":"Çøñtïñµë Wørkïñg øñ Ïssµë","command.issue.copyGithubHeadLink.title":"Çøpÿ GïtHµþ Hëæð £ïñk","command.issue.copyGithubPermalink.title":"Çøpÿ GïtHµþ Përmælïñk","command.issue.copyIssueNumber.title":"Çøpÿ Ñµmþër","command.issue.copyIssueUrl.title":"Çøpÿ Ürl","command.issue.copyMarkdownGithubPermalink.title":"Çøpÿ GïtHµþ Përmælïñk æs Mærkðøwñ","command.issue.createIssue.title":"Çrëætë æñ Ïssµë","command.issue.createIssueFromClipboard.title":"Çrëætë Ïssµë Frøm Çlïpþøærð","command.issue.createIssueFromFile.title":"Çrëætë Ïssµë","command.issue.createIssueFromSelection.title":"Çrëætë Ïssµë Frøm §ëlëçtïøñ","command.issue.editQuery.title":"Ëðït Qµërÿ","command.issue.getCurrent.title":"Gët çµrrëñt ïssµë","command.issue.goToLinkedCode.title":"Gø tø £ïñkëð Çøðë","command.issue.issueCompletion.title":"Ïssµë Çømplëtïøñ Çhøsëñ","command.issue.openGithubPermalink.title":"Øpëñ Përmælïñk øñ GïtHµþ","command.issue.openIssue.title":"Øpëñ Ïssµë øñ GïtHµþ","command.issue.refresh.title":"Rëfrësh","command.issue.signinAndRefreshList.title":"§ïgñ ïñ æñð Rëfrësh","command.issue.startWorking.title":"§tært Wørkïñg øñ Ïssµë","command.issue.startWorkingBranchDescriptiveTitle.title":"§tært Wørkïñg øñ Ïssµë æñð Çhëçkøµt Tøpïç ßræñçh","command.issue.startWorkingBranchPrompt.title":"§tært Wørkïñg æñð §ët ßræñçh...","command.issue.statusBar.title":"Çµrrëñt Ïssµë Øptïøñs","command.issue.stopWorking.title":"§tøp Wørkïñg øñ Ïssµë","command.issue.stopWorkingBranchDescriptiveTitle.title":"§tøp Wørkïñg øñ Ïssµë æñð £ëævë Tøpïç ßræñçh","command.issue.suggestRefresh.title":"Rëfrësh §µggëstïøñs","command.issue.userCompletion.title":"Üsër Çømplëtïøñ Çhøsëñ","command.issues.category":"GïtHµþ Ïssµës","command.issues.openIssuesWebsite.title":"Øpëñ øñ GïtHµþ","command.pr.cancelEditComment.title":"Çæñçël","command.pr.checkoutByNumber.title":"Çhëçkøµt Pµll Rëqµëst þÿ Ñµmþër","command.pr.close.title":"Çløsë Pµll Rëqµëst","command.pr.collapseAllComments.title":"Çøllæpsë Æll Çømmëñts","command.pr.configurePRViewlet.title":"Çøñfïgµrë...","command.pr.configureRemotes.title":"Çøñfïgµrë Rëmøtës...","command.pr.copyCommitHash.title":"Çøpÿ Çømmït Hæsh","command.pr.copyVscodeDevPrLink.title":"Çøpÿ vsçøðë.ðëv Pµll Rëqµëst £ïñk","command.pr.create.title":"Çrëætë Pµll Rëqµëst","command.pr.createComment.title":"Æðð Çømmëñt","command.pr.createSingleComment.title":"Æðð Çømmëñt","command.pr.deleteComment.title":"Ðëlëtë Çømmëñt","command.pr.deleteLocalBranch.title":"Ðëlëtë £øçæl ßræñçh","command.pr.deleteLocalBranchesNRemotes.title":"Ðëlëtë løçæl þræñçhës æñð rëmøtës","command.pr.dismissNotification.title":"Ðïsmïss Ñøtïfïçætïøñ","command.pr.editComment.title":"Ëðït Çømmëñt","command.pr.editQuery.title":"Ëðït Qµërÿ","command.pr.exit.title":"Çhëçkøµt Ðëfæµlt ßræñçh","command.pr.goToNextDiffInPr.title":"Gø tø Ñëxt Ðïff ïñ Pµll Rëqµëst","command.pr.markFileAsViewed.title":"Mærk Fïlë Æs Vïëwëð","command.pr.merge.title":"Mërgë Pµll Rëqµëst","command.pr.openAllDiffs.title":"Øpëñ Æll Ðïffs","command.pr.openDescription.title":"Vïëw Pµll Rëqµëst Ðësçrïptïøñ","command.pr.openDescriptionToTheSide.title":"Øpëñ Pµll Rëqµëst Ðësçrïptïøñ tø thë §ïðë","command.pr.openDiffView.title":"Øpëñ Ðïff Vïëw","command.pr.openFileOnGitHub.title":"Øpëñ Fïlë øñ GïtHµþ","command.pr.openModifiedFile.title":"Øpëñ Møðïfïëð Fïlë","command.pr.openOriginalFile.title":"Øpëñ Ørïgïñæl Fïlë","command.pr.openPullRequestOnGitHub.title":"Øpëñ Pµll Rëqµëst øñ GïtHµþ","command.pr.openPullsWebsite.title":"Øpëñ øñ GïtHµþ","command.pr.openReview.title":"Gø tø Rëvïëw","command.pr.pick.title":"Çhëçkøµt Pµll Rëqµëst","command.pr.readyForReview.title":"Mærk Pµll Rëqµëst Rëæðÿ Før Rëvïëw","command.pr.refreshActivePullRequest.title":"Rëfrësh","command.pr.refreshChanges.title":"Rëfrësh","command.pr.refreshDescription.title":"Rëfrësh Pµll Rëqµëst Ðësçrïptïøñ","command.pr.refreshList.title":"Rëfrësh Pµll Rëqµësts £ïst","command.pr.refreshPullRequest.title":"Rëfrësh Pµll Rëqµëst","command.pr.resetViewedFiles.title":"Rësët Vïëwëð Fïlës","command.pr.resolveReviewThread.title":"Rësølvë Çøñvërsætïøñ","command.pr.saveComment.title":"§ævë","command.pr.setFileListLayoutAsFlat.title":"Tøgglë Vïëw Møðë","command.pr.setFileListLayoutAsTree.title":"Tøgglë Vïëw Møðë","command.pr.showDiffAll.title":"§høw Æll Çhæñgës","command.pr.showDiffSinceLastReview.title":"§høw Çhæñgës §ïñçë £æst Rëvïëw","command.pr.signin.title":"§ïgñ ïñ tø GïtHµþ","command.pr.signinAndRefreshList.title":"§ïgñ ïñ æñð Rëfrësh","command.pr.signinenterprise.title":"§ïgñ ïñ tø GïtHµþ Ëñtërprïsë","command.pr.startReview.title":"§tært Rëvïëw","command.pr.unmarkFileAsViewed.title":"Mærk Fïlë Æs Ñøt Vïëwëð","command.pr.unresolveReviewThread.title":"Üñrësølvë Çøñvërsætïøñ","command.pull.request.category":"GïtHµþ Pµll Rëqµësts","command.review.openFile.title":"Øpëñ Fïlë","command.review.openLocalFile.title":"Øpëñ Fïlë","command.review.suggestDiff.title":"§µggëst Ëðït","description":"Pµll Rëqµëst æñð Ïssµë Prøvïðër før GïtHµþ","displayName":"GïtHµþ Pµll Rëqµësts æñð Ïssµës","githubIssues.assignWhenWorking.description":"Æssïgñs thë ïssµë ÿøµ'rë wørkïñg øñ tø ÿøµ. Øñlÿ æpplïës whëñ thë ïssµë ÿøµ'rë wørkïñg øñ ïs ïñ æ rëpø ÿøµ çµrrëñtlÿ hævë øpëñ.","githubIssues.createInsertFormat.description":"Çøñtrøls whëthër æñ ïssµë ñµmþër (ëx. #1234) ør æ fµll µrl (ëx. https://gïthµþ.çøm/øwñër/ñæmë/ïssµës/1234) ïs ïñsërtëð whëñ thë Çrëætë Ïssµë çøðë æçtïøñ ïs rµñ.","githubIssues.createIssueTriggers.description":"§trïñgs thæt wïll çæµsë thë 'Çrëætë ïssµë frøm çømmëñt' çøðë æçtïøñ tø shøw.","githubIssues.createIssueTriggers.items":"§trïñg thæt ëñæþlës thë 'Çrëætë ïssµë frøm çømmëñt' çøðë æçtïøñ. §høµlð ñøt çøñtæïñ whïtëspæçë.","githubIssues.ignoreCompletionTrigger.description":"£æñgµægës thæt thë '#' çhæræçtër shøµlð ñøt þë µsëð tø trïggër ïssµë çømplëtïøñ sµggëstïøñs.","githubIssues.ignoreCompletionTrigger.items":"£æñgµægë thæt ïssµë çømplëtïøñs shøµlð ñøt trïggër øñ '#'.","githubIssues.ignoreMilestones.description":"Æñ ærræÿ øf mïlëstøñës tïtlës tø ñëvër shøw ïssµës frøm.","githubIssues.ignoreUserCompletionTrigger.description":"£æñgµægës thæt thë '@' çhæræçtër shøµlð ñøt þë µsëð tø trïggër µsër çømplëtïøñ sµggëstïøñs.","githubIssues.ignoreUserCompletionTrigger.items":"£æñgµægë thæt µsër çømplëtïøñs shøµlð ñøt trïggër øñ '@'.","githubIssues.issueBranchTitle.markdownDescription":"Æðvæñçëð sëttïñgs før thë ñæmë øf thë þræñçh thæt ïs çrëætëð whëñ ÿøµ stært wørkïñg øñ æñ ïssµë. \n- `${µsër}` wïll þë rëplæçë wïth thë çµrrëñtlÿ løggëð ïñ µsërñæmë \n- `${ïssµëÑµmþër}` wïll þë rëplæçëð wïth thë çµrrëñt ïssµë ñµmþër \n- `${sæñïtïzëðÏssµëTïtlë}` wïll þë rëplæçëð wïth thë ïssµë tïtlë, wïth æll spæçës æñð µñsµppørtëð çhæræçtërs (https://gït-sçm.çøm/ðøçs/gït-çhëçk-rëf-førmæt) rëmøvëð","githubIssues.issueCompletionFormatScm.markdownDescription":"§ëts thë førmæt øf ïssµë çømplëtïøñs ïñ thë §ÇM ïñpµtþøx. \n- `${µsër}` wïll þë rëplæçë wïth thë çµrrëñtlÿ løggëð ïñ µsërñæmë \n- `${ïssµëÑµmþër}` wïll þë rëplæçëð wïth thë çµrrëñt ïssµë ñµmþër \n- `${ïssµëÑµmþër£æþël}` wïll þë rëplæçëð wïth æ læþël førmættëð æs #ñµmþër ør øwñër/rëpøsïtørÿ#ñµmþër, ðëpëñðïñg øñ whëthër thë ïssµë ïs ïñ thë çµrrëñt rëpøsïtørÿ","githubIssues.issueCompletions.enabled.description":"Çøñtrøls whëthër çømplëtïøñ sµggëstïøñs ærë shøwñ før ïssµës.","githubIssues.queries.default.createdIssues":"Çrëætëð Ïssµës","githubIssues.queries.default.myIssues":"Mÿ Ïssµës","githubIssues.queries.default.recentIssues":"Rëçëñt Ïssµës","githubIssues.queries.label":"Thë læþël tø ðïsplæÿ før thë qµërÿ ïñ thë Ïssµës trëë.","githubIssues.queries.markdownDescription":"§pëçïfïës whæt qµërïës shøµlð þë µsëð ïñ thë GïtHµþ ïssµës trëë µsïñg [GïtHµþ sëærçh sÿñtæx](https://hëlp.gïthµþ.çøm/ëñ/ærtïçlës/µñðërstæñðïñg-thë-sëærçh-sÿñtæx) wïth værïæþlës. Thë fïrst qµërÿ lïstëð wïll þë ëxpæñðëð ïñ thë Ïssµës vïëw. Thë \"ðëfæµlt\" qµërÿ ïñçlµðës ïssµës æssïgñëð tø ÿøµ þÿ Mïlëstøñë. Ïf ÿøµ wæñt tø prësërvë thësë, mækë sµrë thëÿ ærë stïll ïñ thë ærræÿ whëñ ÿøµ møðïfÿ thë sëttïñg.","githubIssues.queries.query":"Thë sëærçh qµërÿ µsïñg [GïtHµþ sëærçh sÿñtæx](https://hëlp.gïthµþ.çøm/ëñ/ærtïçlës/µñðërstæñðïñg-thë-sëærçh-sÿñtæx) wïth værïæþlës. Thë værïæþlë `${µsër}` çæñ þë µsëð tø spëçïfÿ thë løggëð ïñ µsër wïthïñ æ sëærçh. `${øwñër}` æñð `${rëpøsïtørÿ}` çæñ þë µsëð tø spëçïfÿ thë rëpøsïtørÿ þÿ µsïñg `rëpø:${øwñër}/${rëpøsïtørÿ}`.","githubIssues.useBranchForIssues.description":"Ðëtërmïñës whëthër æ þræñçh shøµlð þë çhëçkëð øµt whëñ wørkïñg øñ æñ ïssµë. Tø çøñfïgµrë thë ñæmë øf thë þræñçh, sët `githubIssues.issueBranchTitle`.","githubIssues.useBranchForIssues.off":"Æ þræñçh wïll ñøt þë çrëætëð whëñ ÿøµ stært wørkïñg øñ æñ ïssµë. Ïf ÿøµ hævë wørkëð øñ æñ ïssµë þëførë æñð æ þræñçh wæs çrëætëð før ït, thæt sæmë þræñçh wïll þë çhëçkëð øµt.","githubIssues.useBranchForIssues.on":"Æ þræñçh wïll ælwæÿs þë çhëçkëð øµt whëñ ÿøµ stært wørkïñg øñ æñ ïssµë. Ïf thë þræñçh ðøësñ't ëxïst, ït wïll þë çrëætëð.","githubIssues.useBranchForIssues.prompt":"Æ prømpt wïll shøw før sëttïñg thë ñæmë øf thë þræñçh thæt wïll þë çrëætëð æñð çhëçkëð øµt.","githubIssues.userCompletions.enabled.description":"Çøñtrøls whëthër çømplëtïøñ sµggëstïøñs ærë shøwñ før µsërs.","githubIssues.workingIssueFormatScm.markdownDescription":"§ëts thë førmæt øf thë çømmït mëssægë thæt ïs sët ïñ thë §ÇM ïñpµtþøx whëñ ÿøµ **§tært Wørkïñg øñ æñ Ïssµë**. Ðëfæµlts tø `${ïssµëTïtlë} \nFïxës #${ïssµëÑµmþër}`","githubPullRequests.assignCreated.description":"Æll pµll rëqµësts çrëætëð wïth thïs ëxtëñsïøñ wïll þë æssïgñëð tø thïs µsër. Tø æssïgñ tø ÿøµrsëlf, µsë thë '${user}' værïæþlë.","githubPullRequests.commentExpandState.collapseAll":"Æll çømmëñts wïll þë çøllæpsëð","githubPullRequests.commentExpandState.description":"Çøñtrøls whëthër çømmëñts ærë ëxpæñðëð whëñ æ ðøçµmëñt wïth çømmëñts ïs øpëñëð.","githubPullRequests.commentExpandState.expandUnresolved":"Æll µñrësølvëð çømmëñts wïll þë ëxpæñðëð.","githubPullRequests.createOnPublishBranch.ask":"Æsk ïf ÿøµ wæñt tø çrëætë æ pµll rëqµëst whëñ æ þræñçh ïs pµþlïshëð.","githubPullRequests.createOnPublishBranch.description":"Çrëætë æ pµll rëqµëst whëñ æ þræñçh ïs pµþlïshëð.","githubPullRequests.createOnPublishBranch.never":"Ñëvër çrëætë æ pµll rëqµëst whëñ æ þræñçh ïs pµþlïshëð.","githubPullRequests.defaultDeletionMethod.selectLocalBranch.description":"Whëñ trµë, thë øptïøñ tø ðëlëtë thë løçæl þræñçh wïll þë sëlëçtëð þÿ ðëfæµlt whëñ ðëlëtïñg æ þræñçh frøm æ pµll rëqµëst.","githubPullRequests.defaultDeletionMethod.selectRemote.description":"Whëñ trµë, thë øptïøñ tø ðëlëtë thë rëmøtë wïll þë sëlëçtëð þÿ ðëfæµlt whëñ ðëlëtïñg æ þræñçh frøm æ pµll rëqµëst.","githubPullRequests.defaultMergeMethod.description":"Thë mëthøð tø µsë whëñ mërgïñg pµll rëqµësts.","githubPullRequests.fileListLayout.description":"Thë læÿøµt tø µsë whëñ ðïsplæÿïñg çhæñgëð fïlës lïst.","githubPullRequests.focusedMode.description":"Thë læÿøµt tø µsë whëñ æ pµll rëqµëst ïs çhëçkëð øµt. §ët tø fælsë tø prëvëñt læÿøµt çhæñgës.","githubPullRequests.ignoredPullRequestBranches.description":"Prëvëñts þræñçhës thæt ærë æssøçïætëð wïth æ pµll rëqµëst frøm þëïñg æµtømætïçællÿ ðëtëçtëð. Thïs wïll prëvëñt rëvïëw møðë frøm þëïñg ëñtërëð øñ thësë þræñçhës.","githubPullRequests.ignoredPullRequestBranches.items":"ßræñçh ñæmë","githubPullRequests.logLevel.description":"£øggïñg før GïtHµþ Pµll Rëqµëst ëxtëñsïøñ. Thë løg ïs ëmïttëð tø thë øµtpµt çhæññël ñæmëð æs GïtHµþ Pµll Rëqµëst.","githubPullRequests.notifications.description":"Ïf GïtHµþ ñøtïfïçætïøñs shøµlð þë shøwñ tø thë µsër.","githubPullRequests.overrideDefaultBranch.description":"Thë ðëfæµlt þræñçh før æ rëpøsïtørÿ ïs sët øñ gïthµþ.çøm. Wïth thïs sëttïñg, ÿøµ çæñ øvërrïðë thæt ðëfæµlt wïth æñøthër þræñçh.","githubPullRequests.postCreate.description":"Thë æçtïøñ tø tækë æftër çrëætïñg æ pµll rëqµëst.","githubPullRequests.postCreate.none":"Ñø æçtïøñ","githubPullRequests.postCreate.openOverview":"Øpëñ thë øvërvïëw pægë øf thë pµll rëqµëst","githubPullRequests.pullBranch.always":"Ælwæÿs pµll æ PR þræñçh whëñ çhæñgës ærë ðëtëçtëð ïñ thë PR. Whëñ `\"gït.æµtø§tæsh\": trµë` thïs wïll ïñstëæð `prømpt` tø prëvëñt µñëxpëçtëð fïlë çhæñgës.","githubPullRequests.pullBranch.description":"Pµll çhæñgës frøm thë rëmøtë whëñ æ PR þræñçh ïs çhëçkëð øµt løçællÿ. Çhæñgës ærë ðëtëçtëð whëñ thë PR ïs mæñµællÿ rëfrëshëð æñð ðµrïñg përïøðïç þæçkgrøµñð µpðætës.","githubPullRequests.pullBranch.never":"Ñëvër pµll æ PR þræñçh whëñ çhæñgës ærë ðëtëçtëð ïñ thë PR.","githubPullRequests.pullBranch.prompt":"Prømpt tø pµll æ PR þræñçh whëñ çhæñgës ærë ðëtëçtëð ïñ thë PR.","githubPullRequests.pullRequestDescription.commit":"Üsë thë lætëst çømmït mëssægë øñlÿ","githubPullRequests.pullRequestDescription.description":"Thë ðësçrïptïøñ µsëð whëñ çrëætïñg pµll rëqµësts.","githubPullRequests.pullRequestDescription.template":"Üsë æ pµll rëqµëst tëmplætë æñð çømmït ðësçrïptïøñ, ør jµst µsë thë çømmït ðësçrïptïøñ ïf ñø tëmplætës wërë føµñð","githubPullRequests.pushBranch.always":"Ælwæÿs pµsh thë þræñçh whëñ çrëætïñg æ PR æñð thë \"frøm\" þræñçh ïs ñøt ævæïlæþlë øñ thë rëmøtë.","githubPullRequests.pushBranch.description":"Pµsh thë \"frøm\" þræñçh whëñ çrëætïñg æ PR æñð thë \"frøm\" þræñçh ïs ñøt ævæïlæþlë øñ thë rëmøtë.","githubPullRequests.pushBranch.prompt":"Prømpt tø pµsh thë þræñçh whëñ çrëætïñg æ PR æñð thë \"frøm\" þræñçh ïs ñøt ævæïlæþlë øñ thë rëmøtë.","githubPullRequests.queries.assignedToMe":"Æssïgñëð Tø Më","githubPullRequests.queries.createdByMe":"Çrëætëð ßÿ Më","githubPullRequests.queries.label.description":"Thë læþël tø ðïsplæÿ før thë qµërÿ ïñ thë Pµll Rëqµësts trëë","githubPullRequests.queries.markdownDescription":"§pëçïfïës whæt qµërïës shøµlð þë µsëð ïñ thë GïtHµþ Pµll Rëqµësts trëë. Æll qµërïës ærë mæðë ægæïñst **thë çµrrëñtlÿ øpëñëð rëpøs**. Ëæçh qµërÿ øþjëçt hæs æ `læþël` thæt wïll þë shøwñ ïñ thë trëë æñð æ sëærçh `qµërÿ` µsïñg [GïtHµþ sëærçh sÿñtæx](https://hëlp.gïthµþ.çøm/ëñ/ærtïçlës/µñðërstæñðïñg-thë-sëærçh-sÿñtæx). Thë værïæþlë `${µsër}` çæñ þë µsëð tø spëçïfÿ thë løggëð ïñ µsër wïthïñ æ sëærçh. ßÿ ðëfæµlt thësë qµërïës ðëfïñë thë çætëgørïës \"Wæïtïñg Før Mÿ Rëvïëw\", \"Æssïgñëð Tø Më\" æñð \"Çrëætëð ßÿ Më\". Ïf ÿøµ wæñt tø prësërvë thësë, mækë sµrë thëÿ ærë stïll ïñ thë ærræÿ whëñ ÿøµ møðïfÿ thë sëttïñg.","githubPullRequests.queries.query.description":"Thë qµërÿ µsëð før sëærçhïñg pµll rëqµësts.","githubPullRequests.queries.waitingForMyReview":"Wæïtïñg Før Mÿ Rëvïëw","githubPullRequests.remotes.markdownDescription":"£ïst øf rëmøtës, þÿ ñæmë, tø fëtçh pµll rëqµësts frøm.","githubPullRequests.terminalLinksHandler.ask":"Æsk whïçh mëthøð tø µsë","githubPullRequests.terminalLinksHandler.description":"Ðëfæµlt hæñðlër før tërmïñæl lïñks.","githubPullRequests.terminalLinksHandler.github":"Çrëætë thë pµll rëqµëst øñ GïtHµþ","githubPullRequests.terminalLinksHandler.vscode":"Çrëætë thë pµll rëqµëst ïñ V§ Çøðë","githubPullRequests.useReviewMode.closed":"Üsë rëvïëw møðë før çløsëð pµll rëqµësts. Mërgëð pµll rëqµësts ærë ñøt çøñsïðërëð \"çløsëð\".","githubPullRequests.useReviewMode.description":"Çhøøsë whïçh pµll rëqµëst stætës wïll µsë rëvïëw møðë. \"Øpëñ\" pµll rëqµësts wïll ælwæÿs µsë rëvïëw møðë.","githubPullRequests.useReviewMode.merged":"Üsë rëvïëw møðë før mërgëð pµll rëqµësts.","submenu.github.issues.overflow.label":"Mørë æçtïøñs...","submenu.github.pullRequests.overflow.label":"Mørë æçtïøñs...","view.github.active.pull.request.name":"Æçtïvë Pµll Rëqµëst","view.github.active.pull.request.welcome.name":"Æçtïvë Pµll Rëqµëst","view.github.compare.changes.name":"Çømpærë Çhæñgës","view.github.create.pull.request.name":"Çrëætë Pµll Rëqµëst","view.github.login.name":"£øgïñ","view.github.pull.request.name":"GïtHµþ Pµll Rëqµëst","view.issues.github.name":"Ïssµës","view.pr.github.name":"Pµll Rëqµësts","view.pr.status.github.name":"Çhæñgës Ïñ Pµll Rëqµëst","welcome.github.activePullRequest.contents":"£øæðïñg...","welcome.github.compareChanges.contents":"Thë çømpærïñg þræñçh hæs ñø µpstrëæm rëmøtë\n[Pµþlïsh þræñçh](command:git.publish)","welcome.github.login.contents":"Ýøµ hævë ñøt ÿët sïgñëð ïñ wïth GïtHµþ\n[§ïgñ ïñ](command:pr.signin)","welcome.github.loginWithEnterprise.contents":"[§ïgñ ïñ wïth GïtHµþ Ëñtërprïsë](command:pr.signinenterprise)","welcome.issues.github.noFolder.contents":"Ýøµ hævë ñøt ÿët øpëñëð æ følðër.","welcome.issues.github.noRepo.contents":"Ñø gït rëpøsïtørïës føµñð","welcome.issues.github.uninitialized.contents":"£øæðïñg...","welcome.pr.github.noFolder.contents":"Ýøµ hævë ñøt ÿët øpëñëð æ følðër.","welcome.pr.github.noRepo.contents":"Ñø gït rëpøsïtørïës føµñð","welcome.pr.github.uninitialized.contents":"£øæðïñg..."}
