{"command.comments.category":"Comentarios","command.issue.continueWorking.title":"Continuar trabajando en la incidencia","command.issue.copyGithubHeadLink.title":"Copiar vínculo principal de GitHub","command.issue.copyGithubPermalink.title":"Copiar Permalink de GitHub","command.issue.copyIssueNumber.title":"Copiar número","command.issue.copyIssueUrl.title":"Copiar dirección URL","command.issue.copyMarkdownGithubPermalink.title":"Copia de Permalink de GitHub como Markdown","command.issue.createIssue.title":"Crear una incidencia","command.issue.createIssueFromClipboard.title":"Crear incidencia desde el Portapapeles","command.issue.createIssueFromFile.title":"Crear incidencia","command.issue.createIssueFromSelection.title":"Crear incidencia a partir de la selección","command.issue.editQuery.title":"Editar consulta","command.issue.getCurrent.title":"Obtener el problema actual","command.issue.goToLinkedCode.title":"Ir al código vinculado","command.issue.issueCompletion.title":"Finalización del problema elegida","command.issue.openGithubPermalink.title":"Abrir Permalink en GitHub","command.issue.openIssue.title":"Abrir problema en GitHub","command.issue.refresh.title":"Actualizar","command.issue.signinAndRefreshList.title":"Iniciar sesión y actualizar","command.issue.startWorking.title":"Empezar a trabajar en el problema","command.issue.startWorkingBranchDescriptiveTitle.title":"Empezar a trabajar en el problema y extraer del repositorio la rama del tema","command.issue.startWorkingBranchPrompt.title":"Empezar a trabajar y establecer rama...","command.issue.statusBar.title":"Opciones de la incidencia actual","command.issue.stopWorking.title":"Dejar de trabajar en el problema","command.issue.stopWorkingBranchDescriptiveTitle.title":"Dejar de trabajar en el problema y abandonar la rama del tema","command.issue.suggestRefresh.title":"Sugerencias de actualización","command.issue.userCompletion.title":"Finalización de usuario elegida","command.issues.category":"Problemas de GitHub","command.issues.openIssuesWebsite.title":"Abrir en GitHub","command.pr.cancelEditComment.title":"Cancelar","command.pr.checkoutByNumber.title":"Extraer del repositorio solicitud de incorporación de cambios por número","command.pr.close.title":"Cerrar solicitud de incorporación de cambios","command.pr.collapseAllComments.title":"Contraer todos los comentarios","command.pr.configurePRViewlet.title":"Configurar...","command.pr.configureRemotes.title":"Configurar repositorios remotos...","command.pr.copyCommitHash.title":"Copiar hash de confirmación","command.pr.copyVscodeDevPrLink.title":"Copiar vscode.dev del vínculo de solicitud de incorporación de cambios","command.pr.create.title":"Crear solicitud de incorporación de cambios","command.pr.createComment.title":"Agregar comentario","command.pr.createSingleComment.title":"Agregar comentario","command.pr.deleteComment.title":"Eliminar comentario","command.pr.deleteLocalBranch.title":"Eliminar rama local","command.pr.deleteLocalBranchesNRemotes.title":"Eliminar ramas locales y repositorios remotos","command.pr.dismissNotification.title":"Descartar notificación","command.pr.editComment.title":"Editar comentario","command.pr.editQuery.title":"Editar consulta","command.pr.exit.title":"Extraer del repositorio rama predeterminada","command.pr.goToNextDiffInPr.title":"Ir a la siguiente diferencia en la solicitud de incorporación de cambios","command.pr.markFileAsViewed.title":"Marcar archivo como visto","command.pr.merge.title":"Combinar solicitud de incorporación de cambios","command.pr.openAllDiffs.title":"Abrir todas las diferencias","command.pr.openDescription.title":"Ver descripción de solicitud de incorporación de cambios","command.pr.openDescriptionToTheSide.title":"Abrir la descripción de la solicitud de incorporación de cambios en el lateral","command.pr.openDiffView.title":"Abrir vista de diferencias","command.pr.openFileOnGitHub.title":"Abrir archivo en GitHub","command.pr.openModifiedFile.title":"Abrir archivo modificado","command.pr.openOriginalFile.title":"Abrir archivo original","command.pr.openPullRequestOnGitHub.title":"Abrir solicitud de incorporación de cambios en GitHub","command.pr.openPullsWebsite.title":"Abrir en GitHub","command.pr.openReview.title":"Ir a la revisión","command.pr.pick.title":"Extraer del repositorio solicitud de incorporación de cambios","command.pr.readyForReview.title":"Marcar solicitud de incorporación de cambios como lista para revisión","command.pr.refreshActivePullRequest.title":"Actualizar","command.pr.refreshChanges.title":"Actualizar","command.pr.refreshDescription.title":"Actualizar la descripción de la solicitud de incorporación de cambios","command.pr.refreshList.title":"Actualizar lista de solicitudes de incorporación de cambios","command.pr.refreshPullRequest.title":"Actualizar solicitud de incorporación de cambios","command.pr.resetViewedFiles.title":"Restablecer archivos vistos","command.pr.resolveReviewThread.title":"Resolver conversación","command.pr.saveComment.title":"Guardar","command.pr.setFileListLayoutAsFlat.title":"Alternar modo de vista","command.pr.setFileListLayoutAsTree.title":"Alternar modo de vista","command.pr.showDiffAll.title":"Mostrar todos los cambios","command.pr.showDiffSinceLastReview.title":"Mostrar cambios desde la última revisión","command.pr.signin.title":"Iniciar sesión en GitHub","command.pr.signinAndRefreshList.title":"Iniciar sesión y actualizar","command.pr.signinenterprise.title":"Iniciar sesión en GitHub Enterprise","command.pr.startReview.title":"Iniciar la revisión","command.pr.unmarkFileAsViewed.title":"Marcar archivo como no visto","command.pr.unresolveReviewThread.title":"No resolver conversación","command.pull.request.category":"Solicitudes de incorporación de cambios de GitHub","command.review.openFile.title":"Abrir archivo","command.review.openLocalFile.title":"Abrir archivo","command.review.suggestDiff.title":"Sugerir edición","description":"Proveedor de solicitudes de incorporación de cambios y problemas para GitHub","displayName":"Problemas y solicitudes de incorporación de cambios de GitHub","githubIssues.assignWhenWorking.description":"Le asigna el problema en el que está trabajando. Solo se aplica cuando el problema en el que está trabajando está en un repositorio que tiene abierto actualmente.","githubIssues.createInsertFormat.description":"Controla si se inserta un número de problema (por ejemplo, #1234) o una dirección URL completa (por ejemplo, https://github.com/owner/name/issues/1234) cuando se ejecuta la acción de código Crear problema.","githubIssues.createIssueTriggers.description":"Cadenas que harán que se muestre la acción de código \"Crear problema a partir del comentario\".","githubIssues.createIssueTriggers.items":"Cadena que habilita la acción de código \"Crear problema a partir del comentario\". No debe contener espacios en blanco.","githubIssues.ignoreCompletionTrigger.description":"Idiomas en que el carácter '#' no debe usarse para desencadenar sugerencias de finalización de problemas.","githubIssues.ignoreCompletionTrigger.items":"Idioma que las finalizaciones del problema no deben desencadenar en '#'.","githubIssues.ignoreMilestones.description":"Una matriz de títulos de hitos de los que nunca se muestran problemas.","githubIssues.ignoreUserCompletionTrigger.description":"Idiomas en que el carácter '@' no debe usarse para desencadenar sugerencias de finalización del usuario.","githubIssues.ignoreUserCompletionTrigger.items":"Idioma que las finalizaciones del usuario no deben desencadenar en '@'.","githubIssues.issueBranchTitle.markdownDescription":"Configuración avanzada para el nombre de la rama que se crea al empezar a trabajar en un problema. \n- \"${user}\" se reemplazará por el nombre de usuario \n- \"${issueNumber}\" se reemplazará por el número de problema actual \n- \"${sanitizedIssueTitle}\" se reemplazará por el título del problema, con todos los espacios y caracteres no admitidos (https://git-scm.com/docs/git-check-ref-format) quitados","githubIssues.issueCompletionFormatScm.markdownDescription":"Establece el formato de finalizaciones de problemas en el cuadro de entrada de SCM. \n- \"${user}\" se reemplazará por el nombre de usuario \n- \"${issueNumber}\" se reemplazará por el número de problema actual \n- \"${issueNumberLabel}\" se reemplazará por una etiqueta con formato #number o owner/repository#number, en función de si el problema está en el repositorio actual","githubIssues.issueCompletions.enabled.description":"Controla si se muestran sugerencias de finalización para problemas.","githubIssues.queries.default.createdIssues":"Problemas creados","githubIssues.queries.default.myIssues":"Mis incidencias","githubIssues.queries.default.recentIssues":"Problemas recientes","githubIssues.queries.label":"Etiqueta que se va a mostrar para la consulta en el árbol de problemas.","githubIssues.queries.markdownDescription":"Especifica qué consultas se deben usar en el árbol de problemas de GitHub mediante [sintaxis de búsqueda de GitHub](https://help.github.com/en/articles/understanding-the-search-syntax) con variables. La primera consulta enumerada se expandirá en la vista Problemas. La consulta de \"valor predeterminado\" incluye problemas que le asigna Milestone. Si quiere conservarlos, asegúrese de que siguen en la matriz al modificar la configuración.","githubIssues.queries.query":"La consulta de búsqueda mediante [sintaxis de búsqueda de GitHub](https://help.github.com/en/articles/understanding-the-search-syntax) con variables. La variable \"${user}\" se puede usar para especificar el usuario que ha iniciado sesión en una búsqueda. \"${owner}\" y \"${repository}\" se pueden usar para especificar el repositorio mediante \"repo:${owner}/${repository}\".","githubIssues.useBranchForIssues.description":"Determina si se debe extraer del repositorio una rama al trabajar en un problema. Para configurar el nombre de la rama, establezca `githubIssues.issueBranchTitle`.","githubIssues.useBranchForIssues.off":"No se creará una rama cuando empiece a trabajar en un problema. Si ha trabajado en un problema antes y se ha creado una rama para él, se restaurará esa misma rama.","githubIssues.useBranchForIssues.on":"Siempre se extraerá del repositorio una rama cuando empiece a trabajar en un problema. Si la rama no existe, se creará.","githubIssues.useBranchForIssues.prompt":"Se mostrará un mensaje para establecer el nombre de la rama que se creará y extraerá del repositorio.","githubIssues.userCompletions.enabled.description":"Controla si se muestran sugerencias de finalización para usuarios.","githubIssues.workingIssueFormatScm.markdownDescription":"Establece el formato del mensaje de confirmación que se establece en el cuadro de entrada SCM al **Empezar a trabajar en un problema**. El valor predeterminado es \"${issueTitle} \nCorrige #${issueNumber}\"","githubPullRequests.assignCreated.description":"Todas las solicitudes de incorporación de cambios creadas con esta extensión se asignarán a este usuario. Para asignarse a sí mismo, use la variable \"${user}\".","githubPullRequests.commentExpandState.collapseAll":"Todos los comentarios se contraerán","githubPullRequests.commentExpandState.description":"Controla si los comentarios se expanden cuando se abre un documento con comentarios.","githubPullRequests.commentExpandState.expandUnresolved":"Se expandirán todos los comentarios sin resolver.","githubPullRequests.createOnPublishBranch.ask":"Preguntar si quiere crear una solicitud de incorporación de cambios cuando se publique una rama.","githubPullRequests.createOnPublishBranch.description":"Crear una solicitud de incorporación de cambios cuando se publique una rama.","githubPullRequests.createOnPublishBranch.never":"Nunca crear una solicitud de incorporación de cambios cuando se publique una rama.","githubPullRequests.defaultDeletionMethod.selectLocalBranch.description":"Si es true, la opción para eliminar la rama local se seleccionará de forma predeterminada al eliminar una rama de una solicitud de incorporación de cambios.","githubPullRequests.defaultDeletionMethod.selectRemote.description":"Si es true, la opción para eliminar el repositorio remoto se seleccionará de forma predeterminada al eliminar una rama de una solicitud de incorporación de cambios.","githubPullRequests.defaultMergeMethod.description":"Método que se va a usar al combinar solicitudes de incorporación de cambios.","githubPullRequests.fileListLayout.description":"Diseño que se va a usar al mostrar la lista de archivos modificados.","githubPullRequests.focusedMode.description":"Diseño que se va a usar cuando se modifique una solicitud de incorporación de cambios. Establézcalo en falso para evitar cambios de diseño.","githubPullRequests.ignoredPullRequestBranches.description":"Impide que las ramas asociadas a una solicitud de incorporación de cambios se detecten automáticamente. Esto impedirá que se especifique el modo de revisión en estas ramas.","githubPullRequests.ignoredPullRequestBranches.items":"Nombre de rama","githubPullRequests.logLevel.description":"Registro de la extensión de solicitud de incorporación de cambios de GitHub. El registro se emite en el canal de salida denominado Solicitud de incorporación de cambios de GitHub.","githubPullRequests.notifications.description":"Si las notificaciones de GitHub deben mostrarse al usuario.","githubPullRequests.overrideDefaultBranch.description":"La rama predeterminada de un repositorio se establece en github.com. Con esta configuración, puede invalidar ese valor predeterminado con otra rama.","githubPullRequests.postCreate.description":"Acción que se realizará después de crear una solicitud de incorporación de cambios.","githubPullRequests.postCreate.none":"Ninguna acción","githubPullRequests.postCreate.openOverview":"Abrir la página de información general de la solicitud de incorporación de cambios","githubPullRequests.pullBranch.always":"Extraer siempre una rama de PR cuando se detecten cambios en la PR. Cuando `\"git.autoStash\": true`, se usará \"prompt\" para evitar cambios de archivo inesperados.","githubPullRequests.pullBranch.description":"Extraer cambios del repositorio remoto cuando una rama de PR se modifica localmente. Los cambios se detectan cuando la PR se actualiza manualmente y durante las actualizaciones periódicas en segundo plano.","githubPullRequests.pullBranch.never":"No extraer nunca una rama de PR cuando se detecten cambios en la PR.","githubPullRequests.pullBranch.prompt":"Solicitar extraer una rama de PR cuando se detecten cambios en la PR.","githubPullRequests.pullRequestDescription.commit":"Usar solo el mensaje de confirmación más reciente","githubPullRequests.pullRequestDescription.description":"Descripción que se usa al crear solicitudes de incorporación de cambios.","githubPullRequests.pullRequestDescription.template":"Usar una plantilla de solicitud de incorporación de cambios y una descripción de confirmación, o simplemente usar la descripción de confirmación si no se encontraron plantillas.","githubPullRequests.pushBranch.always":"Insertar siempre la rama cuando crea una PR y la rama \"desde\" no está disponible en el repositorio remoto.","githubPullRequests.pushBranch.description":"Insertar la rama \"desde\" cuando se crea una PR y la rama \"desde\" no está disponible en el repositorio remoto.","githubPullRequests.pushBranch.prompt":"Solicitar insertar la rama cuando se crea una PR y la rama \"desde\" no está disponible en el repositorio remoto.","githubPullRequests.queries.assignedToMe":"Asignado a mí","githubPullRequests.queries.createdByMe":"Creado por mí","githubPullRequests.queries.label.description":"Etiqueta que se va a mostrar para la consulta en el árbol de solicitudes de incorporación de cambios","githubPullRequests.queries.markdownDescription":"Especifica qué consultas se deben usar en el árbol de solicitudes de incorporación de cambios de GitHub. Todas las consultas se realizan en **los repositorios abiertos actualmente**. Cada objeto de consulta tiene una \"etiqueta\" que se mostrará en el árbol y una \"consulta\" de búsqueda mediante [sintaxis de búsqueda de GitHub](https://help.github.com/en/articles/understanding-the-search-syntax). La variable '${user}' se puede usar para especificar el usuario que ha iniciado sesión en una búsqueda. De forma predeterminada, estas consultas definen las categorías \" Esperando mi revisión\", \" Asignado a mí\" y \" Creado por mí\". Si quiere conservarlos, asegúrese de que siguen en la matriz al modificar la configuración.","githubPullRequests.queries.query.description":"Consulta usada para buscar solicitudes de incorporación de cambios.","githubPullRequests.queries.waitingForMyReview":"Esperando por mi revisión","githubPullRequests.remotes.markdownDescription":"Lista de repositorios remotos, por nombre, de los que se van a capturar las solicitudes de incorporación de cambios.","githubPullRequests.terminalLinksHandler.ask":"Preguntar qué método usar","githubPullRequests.terminalLinksHandler.description":"Controlador predeterminado para los vínculos de terminal.","githubPullRequests.terminalLinksHandler.github":"Crear la solicitud de incorporación de cambios en GitHub","githubPullRequests.terminalLinksHandler.vscode":"Crear la solicitud de incorporación de cambios en VS Code","githubPullRequests.useReviewMode.closed":"Usar el modo de revisión para las solicitudes de incorporación de cambios cerradas. Las solicitudes de incorporación de cambios combinadas no se consideran \"cerradas\".","githubPullRequests.useReviewMode.description":"Elija qué estados de solicitud de incorporación de cambios usarán el modo de revisión. Las solicitudes de incorporación de cambios \"abiertas\" siempre usarán el modo de revisión.","githubPullRequests.useReviewMode.merged":"Usar el modo de revisión para las solicitudes de incorporación de cambios combinadas.","submenu.github.issues.overflow.label":"Más acciones...","submenu.github.pullRequests.overflow.label":"Más acciones...","view.github.active.pull.request.name":"Solicitud de incorporación de cambios activa","view.github.active.pull.request.welcome.name":"Solicitud de incorporación de cambios activa","view.github.compare.changes.name":"Comparar cambios","view.github.create.pull.request.name":"Crear solicitud de incorporación de cambios","view.github.login.name":"Inicio de sesión","view.github.pull.request.name":"Solicitud de incorporación de cambios de GitHub","view.issues.github.name":"Incidencias","view.pr.github.name":"Solicitudes de incorporación de cambios","view.pr.status.github.name":"Cambios en la solicitud de incorporación de cambios","welcome.github.activePullRequest.contents":"Cargando...","welcome.github.compareChanges.contents":"La rama de comparación no tiene ninguna rama remota ascendente\n[Rama de publicación](command:git.publish)","welcome.github.login.contents":"Aún no ha iniciado sesión con GitHub\n[Iniciar sesión](command:pr.signin)","welcome.github.loginWithEnterprise.contents":"[Iniciar sesión con GitHub Enterprise](command:pr.signinenterprise)","welcome.issues.github.noFolder.contents":"Aún no ha abierto una carpeta.","welcome.issues.github.noRepo.contents":"No se encontraron repositorios Git","welcome.issues.github.uninitialized.contents":"Cargando...","welcome.pr.github.noFolder.contents":"Aún no ha abierto una carpeta.","welcome.pr.github.noRepo.contents":"No se encontraron repositorios Git","welcome.pr.github.uninitialized.contents":"Cargando..."}
