{"command.comments.category":"Comentários","command.issue.continueWorking.title":"Continuar trabalhando no problema","command.issue.copyGithubHeadLink.title":"Copiar Link Principal do GitHub","command.issue.copyGithubPermalink.title":"Copiar o Permalink do GitHub","command.issue.copyIssueNumber.title":"Copiar Número","command.issue.copyIssueUrl.title":"Copiar URL","command.issue.copyMarkdownGithubPermalink.title":"Copiar o GitHub Permalink como Markdown","command.issue.createIssue.title":"Criar uma Questão","command.issue.createIssueFromClipboard.title":"Criar questão a partir da área de transferência","command.issue.createIssueFromFile.title":"Criar Problema","command.issue.createIssueFromSelection.title":"Criar questão a partir da seleção","command.issue.editQuery.title":"Editar consulta","command.issue.getCurrent.title":"Obter o problema atual","command.issue.goToLinkedCode.title":"Ir para código vinculado","command.issue.issueCompletion.title":"Conclusão do problema escolhida","command.issue.openGithubPermalink.title":"Abrir o permalink no GitHub","command.issue.openIssue.title":"Abrir problema no GitHub","command.issue.refresh.title":"Atualizar","command.issue.signinAndRefreshList.title":"Entrar e atualizar","command.issue.startWorking.title":"Começar a trabalhar em um problema","command.issue.startWorkingBranchDescriptiveTitle.title":"Começar a trabalhar no problema e Fazer check-out do branch do tópico","command.issue.startWorkingBranchPrompt.title":"Começar a trabalhar e definir branch...","command.issue.statusBar.title":"Opções de problema atuais","command.issue.stopWorking.title":"Parar de trabalhar no problema","command.issue.stopWorkingBranchDescriptiveTitle.title":"Parar de trabalhar no problema e sair do branch do tópico","command.issue.suggestRefresh.title":"Atualizar sugestões","command.issue.userCompletion.title":"Conclusão do Usuário Escolhida","command.issues.category":"Problemas do GitHub","command.issues.openIssuesWebsite.title":"Abrir no GitHub","command.pr.cancelEditComment.title":"Cancelar","command.pr.checkoutByNumber.title":"Fazer check-out da solicitação de pull por número","command.pr.close.title":"Fechar solicitação de pull","command.pr.collapseAllComments.title":"Recolher todos os comentários","command.pr.configurePRViewlet.title":"Configurar...","command.pr.configureRemotes.title":"Configurar remotos...","command.pr.copyCommitHash.title":"Copiar hash de commit","command.pr.copyVscodeDevPrLink.title":"Copiar o Link de Solicitação de Pull vscode.dev","command.pr.create.title":"Criar solicitação de pull","command.pr.createComment.title":"Adicionar comentário","command.pr.createSingleComment.title":"Adicionar comentário","command.pr.deleteComment.title":"Excluir comentário","command.pr.deleteLocalBranch.title":"Excluir branch local","command.pr.deleteLocalBranchesNRemotes.title":"Excluir branches locais e remotos","command.pr.dismissNotification.title":"Ignorar notificação","command.pr.editComment.title":"Editar comentário","command.pr.editQuery.title":"Editar consulta","command.pr.exit.title":"Fazer check-out do branch padrão","command.pr.goToNextDiffInPr.title":"Ir para a Próxima Diferença na Solicitação de Pull","command.pr.markFileAsViewed.title":"Marcar arquivo como visualizado","command.pr.merge.title":"Mesclar solicitação de pull","command.pr.openAllDiffs.title":"Abrir todas as comparações","command.pr.openDescription.title":"Exibir a descrição da solicitação de pull","command.pr.openDescriptionToTheSide.title":"Abrir a descrição da solicitação de pull ao lado","command.pr.openDiffView.title":"Abrir modo de exibição de comparação","command.pr.openFileOnGitHub.title":"Abrir arquivo no GitHub","command.pr.openModifiedFile.title":"Abrir arquivo modificado","command.pr.openOriginalFile.title":"Abrir arquivo original","command.pr.openPullRequestOnGitHub.title":"Abrir solicitação de pull no GitHub","command.pr.openPullsWebsite.title":"Abrir no GitHub","command.pr.openReview.title":"Ir para revisão","command.pr.pick.title":"Fazer check-out da solicitação de pull","command.pr.readyForReview.title":"Marcar solicitação de pull pronta para revisão","command.pr.refreshActivePullRequest.title":"Atualizar","command.pr.refreshChanges.title":"Atualizar","command.pr.refreshDescription.title":"Atualizar descrição da solicitação de pull","command.pr.refreshList.title":"Atualizar lista de solicitações de pull","command.pr.refreshPullRequest.title":"Atualizar solicitação de pull","command.pr.resetViewedFiles.title":"Redefinir arquivos exibidos","command.pr.resolveReviewThread.title":"Resolver a conversa","command.pr.saveComment.title":"Salvar","command.pr.setFileListLayoutAsFlat.title":"Ativar/desativar modo de exibição","command.pr.setFileListLayoutAsTree.title":"Ativar/desativar modo de exibição","command.pr.showDiffAll.title":"Mostrar todas as alterações","command.pr.showDiffSinceLastReview.title":"Mostrar alterações desde a última revisão","command.pr.signin.title":"Entrar no GitHub","command.pr.signinAndRefreshList.title":"Entrar e atualizar","command.pr.signinenterprise.title":"Entrar no GitHub Enterprise","command.pr.startReview.title":"Iniciar revisão","command.pr.unmarkFileAsViewed.title":"Marcar arquivo como não exibido","command.pr.unresolveReviewThread.title":"Não resolver conversa","command.pull.request.category":"Solicitações de pull do GitHub","command.review.openFile.title":"Abrir arquivo","command.review.openLocalFile.title":"Abrir arquivo","command.review.suggestDiff.title":"Sugerir edição","description":"Solicitação de pull e provedor de problemas para GitHub","displayName":"Solicitações de pull e problemas do GitHub","githubIssues.assignWhenWorking.description":"Atribui a você o problema no qual você está trabalhando. Aplica-se somente quando esse problema está em um repositório aberto no momento.","githubIssues.createInsertFormat.description":"Controla se um número de problema (por exemplo, nº 1234) ou se uma URL completa (por exemplo, https://github.com/owner/name/issues/1234) é inserida quando a ação de código Criar problema é executada.","githubIssues.createIssueTriggers.description":"Cadeias de caracteres que farão com que a ação de código 'Criar problema do comentário' seja mostrada.","githubIssues.createIssueTriggers.items":"Cadeia de caracteres que habilita a ação de código 'Criar problema do comentário'. Não deve conter espaço em branco.","githubIssues.ignoreCompletionTrigger.description":"Idiomas em que o caractere '#' não deve ser usado para disparar sugestões de conclusão de problema.","githubIssues.ignoreCompletionTrigger.items":"Idioma em que os preencimentos do problema não devem ser disparados em '#'.","githubIssues.ignoreMilestones.description":"Uma matriz de títulos de marcos da qual nunca mostrar problemas.","githubIssues.ignoreUserCompletionTrigger.description":"Idiomas em que o caractere '@' não deve ser usado para disparar sugestões de conclusão do usuário.","githubIssues.ignoreUserCompletionTrigger.items":"Idioma em que as conclusões do usuário não devem ser disparadas em '@'.","githubIssues.issueBranchTitle.markdownDescription":"Configurações avançadas para o nome do branch que é criado quando você começa a trabalhar em um problema. \n- '${user}' será substituído pelo nome de usuário atualmente conectado \n- '${issueNumber}' será substituído pelo número do problema atual \n- '${sanitizedIssueTitle}' será substituído pelo título do problema, com todos os espaços e caracteres sem suporte (https://git-scm.com/docs/git-check-ref-format) removidos","githubIssues.issueCompletionFormatScm.markdownDescription":"Define o formato de conclusões de problemas na caixa de entrada do SCM. \n- `${user}` será substituído pelo nome de usuário atualmente conectado \n- `${issueNumber}` será substituído pelo número do problema atual \n- `${issueNumberLabel}` será substituído por um rótulo formatado como #número ou #número do proprietário/repositório, dependendo se o problema está no repositório atual","githubIssues.issueCompletions.enabled.description":"Controla se as sugestões de conclusão são mostradas para problemas.","githubIssues.queries.default.createdIssues":"Problemas criados","githubIssues.queries.default.myIssues":"Meus Problemas","githubIssues.queries.default.recentIssues":"Problemas Recentes","githubIssues.queries.label":"O rótulo a ser exibido para a consulta na árvore Problemas.","githubIssues.queries.markdownDescription":"Especifica quais consultas devem ser usadas na árvore de problemas do GitHub usando [sintaxe de pesquisa do GitHub](https://help.github.com/en/articles/understanding-the-search-syntax) com variáveis. A primeira consulta listada será expandida no modo de exibição Problemas. A consulta \"padrão\" inclui problemas atribuídos a você por marco. Se você quer preservá-los, verifique se eles ainda estão na matriz quando você modificar a configuração.","githubIssues.queries.query":"A consulta de pesquisa usando [sintaxe de pesquisa do GitHub](https://help.github.com/en/articles/understanding-the-search-syntax) com variáveis. A variável '${user}' pode ser usada para especificar o usuário conectado em uma pesquisa. '${owner}' e '${repository}' podem ser usados para especificar o repositório usando 'repo:${owner}/${repository}'.","githubIssues.useBranchForIssues.description":"Determina se um branch deve ser submetido a check-out ao trabalhar em um problema. Para configurar o nome do branch, defina `githubIssues.issueBranchTitle`.","githubIssues.useBranchForIssues.off":"Um branch não será criado quando você começar a trabalhar em um problema. Se você já trabalhou em um problema antes e um branch foi criado para ele, esse mesmo branch será submetido a check-out.","githubIssues.useBranchForIssues.on":"Um branch sempre será submetido a check-out quando você começar a trabalhar em um problema. Se o branch não existir, ele será criado.","githubIssues.useBranchForIssues.prompt":"Um prompt será mostrado para definir o nome do branch que será criado e submetido a check-out.","githubIssues.userCompletions.enabled.description":"Controla se as sugestões de conclusão são mostradas para os usuários.","githubIssues.workingIssueFormatScm.markdownDescription":"Define o formato da mensagem de commit que é definida na caixa de entrada do SCM quando você **Começar a trabalhar em um problema**. O padrão é '${issueTitle} \nCorrige #${issueNumber}'","githubPullRequests.assignCreated.description":"Todas as solicitações de pull criadas com essa extensão serão atribuídas a esse usuário. Para atribuir a si mesmo, use a variável '${user}'.","githubPullRequests.commentExpandState.collapseAll":"Todos os comentários serão recolhidos","githubPullRequests.commentExpandState.description":"Controla se os comentários são expandidos quando um documento com comentários é aberto.","githubPullRequests.commentExpandState.expandUnresolved":"Todos os comentários não resolvidos serão expandidos.","githubPullRequests.createOnPublishBranch.ask":"Pergunte se você deseja criar uma solicitação de pull quando um branch é publicado.","githubPullRequests.createOnPublishBranch.description":"Crie uma solicitação de pull quando um branch for publicado.","githubPullRequests.createOnPublishBranch.never":"Nunca crie uma solicitação de pull quando um branch for publicado.","githubPullRequests.defaultDeletionMethod.selectLocalBranch.description":"Quando for verdadeiro, a opção para excluir o branch local será selecionada por padrão ao excluir um branch de uma solicitação de pull.","githubPullRequests.defaultDeletionMethod.selectRemote.description":"Quando for verdadeiro, a opção de excluir o remoto será selecionada por padrão ao excluir um branch de uma solicitação de pull.","githubPullRequests.defaultMergeMethod.description":"O método a ser usado ao mesclar solicitações de pull.","githubPullRequests.fileListLayout.description":"O layout a ser usado ao exibir a lista de arquivos alterados.","githubPullRequests.focusedMode.description":"O layout a ser usado quando uma solicitação pull é verificada. Defina como falso para evitar alterações de layout.","githubPullRequests.ignoredPullRequestBranches.description":"Impede que branches associados a uma solicitação de pull sejam detectados automaticamente. Isso impedirá que o modo de revisão seja inserido nesses branches.","githubPullRequests.ignoredPullRequestBranches.items":"Nome do branch","githubPullRequests.logLevel.description":"Registrar em log para a extensão de solicitação de pull do GitHub. O log é emitido para o canal de saída denominado Solicitação de pull do GitHub.","githubPullRequests.notifications.description":"Se as notificações do GitHub devem ser mostradas ao usuário.","githubPullRequests.overrideDefaultBranch.description":"O branch padrão para um repositório é definido no github.com. Com essa configuração, você pode substituir esse padrão por outro branch.","githubPullRequests.postCreate.description":"A ação a ser tomada após a criação de uma solicitação de pull.","githubPullRequests.postCreate.none":"Nenhuma ação","githubPullRequests.postCreate.openOverview":"Abrir a página de visão geral da solicitação de pull","githubPullRequests.pullBranch.always":"Sempre efetue pull de um branch de PR quando forem detectadas alterações na PR. Quando '\"git.autoStash\": true', um 'prompt' será feito para evitar alterações inesperadas no arquivo.","githubPullRequests.pullBranch.description":"Efetuar pull de alterações do remoto quando um branch de PR é submetido a check-out local. As alterações são detectadas quando a PR é atualizada manualmente e durante atualizações periódicas em segundo plano.","githubPullRequests.pullBranch.never":"Nunca efetue pull de um branch de PR quando forem detectadas alterações na PR.","githubPullRequests.pullBranch.prompt":"Prompt para efetuar pull de um branch de PR quando forem detectadas alterações na PR.","githubPullRequests.pullRequestDescription.commit":"Usar somente a mensagem de commit mais recente","githubPullRequests.pullRequestDescription.description":"A descrição usada ao criar solicitações de pull.","githubPullRequests.pullRequestDescription.template":"Use um modelo de solicitação de pull e uma descrição de commit, ou apenas use a descrição de commit se nenhum modelo for encontrado","githubPullRequests.pushBranch.always":"Sempre efetuar push do branch ao criar uma PR quando este branch não está disponível no remoto.","githubPullRequests.pushBranch.description":"Efetuar push do branch \"de\" ao criar uma PR quando este branch não está disponível no remoto.","githubPullRequests.pushBranch.prompt":"Prompt para efetuar push do branch ao criar uma PR quando o branch \"de\" não está disponível no remoto.","githubPullRequests.queries.assignedToMe":"Atribuído a Mim","githubPullRequests.queries.createdByMe":"Criado Por Mim","githubPullRequests.queries.label.description":"O rótulo a ser exibido para a consulta na árvore de solicitações de pull","githubPullRequests.queries.markdownDescription":"Especifica quais consultas devem ser usadas na árvore de Solicitações de pull do GitHub. Todas as consultas são feitas em relação **aos repositórios abertos no momento**. Cada objeto de consulta tem um “rótulo” que será mostrado na árvore e uma “consulta” de pesquisa usando [sintaxe de pesquisa do GitHub](https://help.github.com/en/articles/understanding-the-search-syntax). A variável '${user}' pode ser usada para especificar o usuário conectado em uma pesquisa. Por padrão, essas consultas definem as categorias \"Aguardando Minha Revisão\", \"Atribuído a Mim\" e \"Criado Por Mim\". Se você quiser preservá-las, verifique se ainda estão na matriz quando você modificar a configuração.","githubPullRequests.queries.query.description":"A consulta usada para pesquisar solicitações de pull.","githubPullRequests.queries.waitingForMyReview":"Aguardando Minha Análise","githubPullRequests.remotes.markdownDescription":"Lista de remotos, por nome, dos quais efetuar fetch de solicitações de pull.","githubPullRequests.terminalLinksHandler.ask":"Perguntar qual método usar","githubPullRequests.terminalLinksHandler.description":"Manipulador padrão para links de terminal.","githubPullRequests.terminalLinksHandler.github":"Criar a solicitação de pull no GitHub","githubPullRequests.terminalLinksHandler.vscode":"Criar a solicitação de pull no VS Code","githubPullRequests.useReviewMode.closed":"Use o modo de revisão para solicitações de pull fechadas. As solicitações de pull mescladas não são consideradas \"fechadas\".","githubPullRequests.useReviewMode.description":"Escolha quais estados de solicitação de pull usarão o modo de revisão. Solicitações de pull \"Abertas\" sempre usarão o modo de revisão.","githubPullRequests.useReviewMode.merged":"Use o modo de revisão para solicitações de pull mescladas.","submenu.github.issues.overflow.label":"Mais ações...","submenu.github.pullRequests.overflow.label":"Mais ações...","view.github.active.pull.request.name":"Solicitação de pull ativa","view.github.active.pull.request.welcome.name":"Solicitação de pull ativa","view.github.compare.changes.name":"Comparar alterações","view.github.create.pull.request.name":"Criar solicitação de pull","view.github.login.name":"Logon","view.github.pull.request.name":"Solicitação de pull do GitHub","view.issues.github.name":"Problemas","view.pr.github.name":"Solicitações de pull","view.pr.status.github.name":"Alterações na solicitação de pull","welcome.github.activePullRequest.contents":"Carregando...","welcome.github.compareChanges.contents":"O branch de comparação não tem nenhum remoto upstream \n[Publicar branch](command:git.publish)","welcome.github.login.contents":"Você ainda não entrou com o GitHub\n[Entrar](command:pr.signin)","welcome.github.loginWithEnterprise.contents":"[Entrar com o GitHub Enterprise](command:pr.signinenterprise)","welcome.issues.github.noFolder.contents":"Você ainda não abriu uma pasta.","welcome.issues.github.noRepo.contents":"Nenhum repositório git encontrado","welcome.issues.github.uninitialized.contents":"Carregando...","welcome.pr.github.noFolder.contents":"Você ainda não abriu uma pasta.","welcome.pr.github.noRepo.contents":"Nenhum repositório git encontrado","welcome.pr.github.uninitialized.contents":"Carregando..."}
