{"command.comments.category":"Komentáře","command.issue.continueWorking.title":"Pokračovat v práci na problému","command.issue.copyGithubHeadLink.title":"Kopírovat hlavní odkaz na GitHub","command.issue.copyGithubPermalink.title":"Kopírovat trvalý odkaz na GitHub","command.issue.copyIssueNumber.title":"Kopírovat číslo","command.issue.copyIssueUrl.title":"Kopírovat adresu URL","command.issue.copyMarkdownGithubPermalink.title":"Kopírovat trvalý odkaz na GitHub jako Markdown","command.issue.createIssue.title":"Vytvořit problém","command.issue.createIssueFromClipboard.title":"Vytvořit problém ze schránky","command.issue.createIssueFromFile.title":"Vytvořit problém","command.issue.createIssueFromSelection.title":"Vytvořit problém z výběru","command.issue.editQuery.title":"Upravit dotaz","command.issue.getCurrent.title":"Získat aktuální problém","command.issue.goToLinkedCode.title":"Přejít na propojený kód","command.issue.issueCompletion.title":"Zvolené dokončení problému","command.issue.openGithubPermalink.title":"Otevřít trvalý odkaz na GitHubu","command.issue.openIssue.title":"Otevřít problém na GitHubu","command.issue.refresh.title":"Aktualizovat","command.issue.signinAndRefreshList.title":"Přihlásit se a aktualizovat","command.issue.startWorking.title":"Začít pracovat na problému","command.issue.startWorkingBranchDescriptiveTitle.title":"Začít pracovat na problému a rezervovat větev tématu","command.issue.startWorkingBranchPrompt.title":"Začít pracovat a nastavit větev...","command.issue.statusBar.title":"Možnosti aktuálního problému","command.issue.stopWorking.title":"Přestat pracovat na problému","command.issue.stopWorkingBranchDescriptiveTitle.title":"Přestat pracovat na problému a opustit větev tématu","command.issue.suggestRefresh.title":"Aktualizovat návrhy","command.issue.userCompletion.title":"Zvolilo se dokončení uživatele","command.issues.category":"Problémy s GitHubem","command.issues.openIssuesWebsite.title":"Otevřít v GitHubu","command.pr.cancelEditComment.title":"Zrušit","command.pr.checkoutByNumber.title":"Rezervovat žádost o přijetí změn podle čísla","command.pr.close.title":"Zavřít žádost o přijetí změn","command.pr.collapseAllComments.title":"Sbalit všechny komentáře","command.pr.configurePRViewlet.title":"Konfigurovat...","command.pr.configureRemotes.title":"Konfigurovat vzdálené...","command.pr.copyCommitHash.title":"Kopírovat hodnotu hash potvrzení","command.pr.copyVscodeDevPrLink.title":"Kopírovat odkaz na žádost o získání dat vscode.dev","command.pr.create.title":"Vytvořit žádost o přijetí změn","command.pr.createComment.title":"Přidat komentář","command.pr.createSingleComment.title":"Přidat komentář","command.pr.deleteComment.title":"Odstranit komentář","command.pr.deleteLocalBranch.title":"Odstranit místní větev","command.pr.deleteLocalBranchesNRemotes.title":"Odstranit místní a vzdálené větve","command.pr.dismissNotification.title":"Zavřít oznámení","command.pr.editComment.title":"Upravit komentář","command.pr.editQuery.title":"Upravit dotaz","command.pr.exit.title":"Rezervovat výchozí větev","command.pr.goToNextDiffInPr.title":"Přechod na další rozdíly v žádosti o přijetí změn","command.pr.markFileAsViewed.title":"Označit soubor jako zobrazený","command.pr.merge.title":"Sloučit žádost o přijetí změn","command.pr.openAllDiffs.title":"Otevřít všechny rozdíly","command.pr.openDescription.title":"Zobrazit popis žádosti o přijetí změn","command.pr.openDescriptionToTheSide.title":"Otevřít popis žádosti o přijetí změn na straně","command.pr.openDiffView.title":"Otevřít rozdílové zobrazení","command.pr.openFileOnGitHub.title":"Otevřít soubor na GitHubu","command.pr.openModifiedFile.title":"Otevřít upravený soubor","command.pr.openOriginalFile.title":"Otevřít původní soubor","command.pr.openPullRequestOnGitHub.title":"Otevřít žádost o přijetí změn na GitHubu","command.pr.openPullsWebsite.title":"Otevřít na GitHubu","command.pr.openReview.title":"Přejít ke kontrole","command.pr.pick.title":"Rezervovat žádost o přijetí změn","command.pr.readyForReview.title":"Označit žádost o přijetí změn jako připravenou ke kontrole","command.pr.refreshActivePullRequest.title":"Aktualizovat","command.pr.refreshChanges.title":"Aktualizovat","command.pr.refreshDescription.title":"Aktualizovat popis žádosti o přijetí změn","command.pr.refreshList.title":"Aktualizovat seznam žádostí o přijetí změn","command.pr.refreshPullRequest.title":"Aktualizovat žádost o přijetí změn","command.pr.resetViewedFiles.title":"Obnovit zobrazené soubory","command.pr.resolveReviewThread.title":"Vyřešit konverzaci","command.pr.saveComment.title":"Uložit","command.pr.setFileListLayoutAsFlat.title":"Přepnout režim zobrazení","command.pr.setFileListLayoutAsTree.title":"Přepnout režim zobrazení","command.pr.showDiffAll.title":"Zobrazit všechny změny","command.pr.showDiffSinceLastReview.title":"Zobrazit změny od poslední kontroly","command.pr.signin.title":"Přihlásit se do GitHubu","command.pr.signinAndRefreshList.title":"Přihlásit se a aktualizovat","command.pr.signinenterprise.title":"Přihlaste se ke GitHub Enterprise","command.pr.startReview.title":"Zahájit kontrolu","command.pr.unmarkFileAsViewed.title":"Označit soubor jako nezobrazený","command.pr.unresolveReviewThread.title":"Zrušit vyřešení konverzace","command.pull.request.category":"Žádosti o přijetí změn GitHubu","command.review.openFile.title":"Otevřít soubor","command.review.openLocalFile.title":"Otevřít soubor","command.review.suggestDiff.title":"Navrhnout úpravu","description":"Poskytovatel žádostí o přijetí změn a problémů pro GitHub","displayName":"Žádosti o přijetí změn GitHubu a problémy","githubIssues.assignWhenWorking.description":"Přiřadí vám problém, na kterém pracujete. Platí jenom v případě, že problém, na kterém pracujete, je v úložišti, které máte aktuálně otevřené.","githubIssues.createInsertFormat.description":"Určuje, jestli se při spuštění akce „Vytvořit kód problému“ vloží číslo problému (například #1234) nebo úplná adresa URL (například https://github.com/owner/name/issues/1234).","githubIssues.createIssueTriggers.description":"Řetězce, které způsobí, že se zobrazí akce kódu „Vytvořit problém z komentáře“.","githubIssues.createIssueTriggers.items":"Řetězec, který povoluje akci kódu „Vytvořit problém z komentáře“. Nesmí obsahovat prázdné znaky.","githubIssues.ignoreCompletionTrigger.description":"Jazyky, ve kterých by se znak # neměl používat k aktivaci návrhů dokončení problémů.","githubIssues.ignoreCompletionTrigger.items":"Jazyk, který by se neměl aktivovat při dokončování problémů na #.","githubIssues.ignoreMilestones.description":"Pole názvů milníků, ze kterého se nikdy nezobrazují problémy.","githubIssues.ignoreUserCompletionTrigger.description":"Jazyky, ve kterých by se znak @ neměl používat k aktivaci návrhů dokončení uživatelů.","githubIssues.ignoreUserCompletionTrigger.items":"Jazyk, který by se neměl aktivovat při dokončování uživatelů na @.","githubIssues.issueBranchTitle.markdownDescription":"Upřesňující nastavení názvu větve, která se vytvoří při zahájení práce na problému. \n– ${user} se nahradí aktuálně přihlášeným uživatelským jménem. \n– ${issueNumber} se nahradí číslem aktuálního problému. \n– ${sanitizedIssueTitle} se nahradí názvem problému, přičemž se odeberou všechny mezery a nepodporované znaky (https://git-scm.com/docs/git-check-ref-format).","githubIssues.issueCompletionFormatScm.markdownDescription":"Nastaví formát dokončování problémů ve vstupním poli SCM. \n– ${user} se nahradí aktuálně přihlášeným uživatelským jménem. \n– ${issueNumber} se nahradí číslem aktuálního problému. \n– ${issueNumberLabel} se nahradí popiskem formátovaným jako #číslo nebo vlastník/úložiště#číslo podle toho, jestli se problém nachází v aktuálním úložišti.","githubIssues.issueCompletions.enabled.description":"Určuje, jestli se u problémů zobrazují návrhy dokončení.","githubIssues.queries.default.createdIssues":"Vytvořené problémy","githubIssues.queries.default.myIssues":"Moje problémy","githubIssues.queries.default.recentIssues":"Poslední problémy","githubIssues.queries.label":"Popisek, který se má zobrazit pro dotaz ve stromu problémů.","githubIssues.queries.markdownDescription":"Určuje, které dotazy se mají používat ve stromu problémů GitHubu, pomocí [syntaxe vyhledávání GitHubu](https://help.github.com/en/articles/understanding-the-search-syntax) s proměnnými. První uvedený dotaz se rozbalí v zobrazení problémů. „Výchozí“ dotaz obsahuje problémy, které vám přiřadil milník. Pokud je chcete zachovat, při úpravě nastavení se ujistěte, že jsou stále uvedeny v poli.","githubIssues.queries.query":"Vyhledávací dotaz používající [syntaxi vyhledávání GitHubu](https://help.github.com/en/articles/understanding-the-search-syntax) s proměnnými. Proměnnou ${user} je možné použít k určení přihlášeného uživatele v rámci vyhledávání. ${owner} a ${repository} se dají použít k určení úložiště pomocí repo:${owner}/${repository}.","githubIssues.useBranchForIssues.description":"Určuje, jestli se má při práci na problému rezervovat větev. Pokud chcete nakonfigurovat název větve, nastavte `githubIssues.issueBranchTitle`.","githubIssues.useBranchForIssues.off":"Když začnete pracovat na nějakém problému, nevytvoří se větev. Pokud jste na problému pracovali už dříve a byla pro něj vytvořena větev, bude tato stejná větev rezervována.","githubIssues.useBranchForIssues.on":"Když začnete pracovat na nějakém problému, bude vždy rezervována větev. Pokud větev neexistuje, vytvoří se.","githubIssues.useBranchForIssues.prompt":"Zobrazí se výzva k nastavení názvu větve, která bude vytvořena a rezervována.","githubIssues.userCompletions.enabled.description":"Určuje, jestli se uživatelům zobrazují návrhy dokončení.","githubIssues.workingIssueFormatScm.markdownDescription":"Nastaví formát zprávy potvrzení, která je nastavená ve vstupním poli SCM, když **začnete pracovat na problému**. Výchozí hodnota je ${issueTitle} \nOpravuje #${issueNumber}.","githubPullRequests.assignCreated.description":"Tomuto uživateli se přiřadí všechny žádosti o přijetí změn vytvořené pomocí tohoto rozšíření. Pokud je chcete přiřadit sami sobě, použijte proměnnou ${user}.","githubPullRequests.commentExpandState.collapseAll":"Všechny komentáře budou sbaleny","githubPullRequests.commentExpandState.description":"Určuje, jestli se při otevření dokumentu s komentáři rozbalí komentáře.","githubPullRequests.commentExpandState.expandUnresolved":"Všechny nevyřešené komentáře budou rozbaleny.","githubPullRequests.createOnPublishBranch.ask":"Zeptat se, jestli se má vytvořit žádost o přijetí změn, když se publikuje větev.","githubPullRequests.createOnPublishBranch.description":"Vytvořit žádost o přijetí změn, když se publikuje větev.","githubPullRequests.createOnPublishBranch.never":"Nikdy nevytvářet žádost o přijetí změn, když se publikuje větev.","githubPullRequests.defaultDeletionMethod.selectLocalBranch.description":"Když se nastaví na true, při odstraňování větve z žádosti o přijetí změn se ve výchozím nastavení vybere možnost odstranění místní větve.","githubPullRequests.defaultDeletionMethod.selectRemote.description":"Když se nastaví na true, při odstraňování větve z žádosti o přijetí změn se ve výchozím nastavení vybere možnost odstranění vzdálené větve.","githubPullRequests.defaultMergeMethod.description":"Metoda, která se má použít při slučování žádostí o přijetí změn.","githubPullRequests.fileListLayout.description":"Rozložení, které se má použít při zobrazení seznamu změněných souborů.","githubPullRequests.focusedMode.description":"Rozložení, které se má použít při rezervaci žádosti o přijetí změn. Pokud chcete zabránit změnám rozložení, nastavte hodnotu false.","githubPullRequests.ignoredPullRequestBranches.description":"Zabrání automatické detekci větví přidružených k žádosti o přijetí změn. Tím se zabrání tomu, aby by mohl být v těchto větvích použit režim kontroly.","githubPullRequests.ignoredPullRequestBranches.items":"Název větve","githubPullRequests.logLevel.description":"Protokolování pro rozšíření žádosti o přijetí změn GitHubu. Protokol se generuje do výstupního kanálu s názvem „Žádost o přijetí změn GitHubu“.","githubPullRequests.notifications.description":"Určujte, jestli se mají uživatelům zobrazovat oznámení z GitHubu.","githubPullRequests.overrideDefaultBranch.description":"Výchozí větev úložiště je nastavená na webu github.com. Pomocí tohoto nastavení můžete toto výchozí nastavení přepsat jinou větví.","githubPullRequests.postCreate.description":"Akce, která se má provést po vytvoření žádosti o přijetí změn.","githubPullRequests.postCreate.none":"Žádná akce","githubPullRequests.postCreate.openOverview":"Otevřít stránku přehledu žádosti o přijetí změn","githubPullRequests.pullBranch.always":"Při zjištění změn v žádosti o přijetí změn vždy přijímat změny z žádosti o přijetí změn. Když má git.autoStash: hodnotu true, zobrazí se místo toho dotaz, aby nedošlo k neočekávaným změnám souborů.","githubPullRequests.pullBranch.description":"Umožňuje přijmout změny ze vzdálené větve, když je větev žádosti o přijetí změn rezervována místně. Změny se zjišťují při ruční aktualizaci žádosti o přijetí změn a během pravidelných aktualizací na pozadí.","githubPullRequests.pullBranch.never":"Při zjištění změn v žádosti o přijetí změn nikdy nepřijímat změny z žádosti o přijetí změn.","githubPullRequests.pullBranch.prompt":"Při zjištění změn v žádosti o přijetí změn zobrazit dotaz, jestli se mají přijmout změny z žádosti o přijetí změn.","githubPullRequests.pullRequestDescription.commit":"Použít pouze nejnovější zprávu potvrzení","githubPullRequests.pullRequestDescription.description":"Popis používaný při vytváření žádostí o přijetí změn.","githubPullRequests.pullRequestDescription.template":"Použijte šablonu žádosti o přijetí změn a popis potvrzení nebo jen použijte popis potvrzení, pokud se nenašly žádné šablony.","githubPullRequests.pushBranch.always":"Pokud při vytváření žádosti o přijetí změn není větev „from“ k dispozici ve vzdáleném umístění, vždy se nasdílí změny větve.","githubPullRequests.pushBranch.description":"Pokud při vytváření žádosti o přijetí změn není větev „from“ k dispozici ve vzdáleném umístění, nasdílí se změny větve „from“.","githubPullRequests.pushBranch.prompt":"Pokud při vytváření žádosti o přijetí změn není větev „from“ k dispozici ve vzdáleném umístění, zobrazí se dotaz, jestli se mají nasdílet změny větve „from“.","githubPullRequests.queries.assignedToMe":"Přiřazeno mně","githubPullRequests.queries.createdByMe":"Vytvořeno mnou","githubPullRequests.queries.label.description":"Popisek, který se má zobrazit u dotazu ve stromu žádostí o přijetí změn.","githubPullRequests.queries.markdownDescription":"Určuje, které dotazy se mají používat ve stromu Žádostí o přijetí změn GitHubu. Všechny dotazy se provádějí proti **aktuálně otevřeným úložištím**. Každý objekt dotazu má popisek, který se zobrazí ve stromu, a vyhledávací dotaz využívající [syntaxe vyhledávání GitHubu](https://help.github.com/en/articles/understanding-the-search-syntax). Proměnnou ${user} je možné použít k určení přihlášeného uživatele v rámci vyhledávání. Ve výchozím nastavení tyto dotazy definují kategorie „Čekající na mou kontrolu“, „Přiřazený pro mě“ a „Vytvořený mnou“. Pokud je chcete zachovat, při úpravě nastavení se ujistěte, že jsou stále v poli.","githubPullRequests.queries.query.description":"Dotaz, který se používá k vyhledávání žádostí o přijetí změn.","githubPullRequests.queries.waitingForMyReview":"Čeká se na moji recenzi","githubPullRequests.remotes.markdownDescription":"Seznam vzdálených umístění podle názvu, ze kterých se mají načítat žádosti o přijetí změn.","githubPullRequests.terminalLinksHandler.ask":"Zeptat se, kterou metodu použít","githubPullRequests.terminalLinksHandler.description":"Výchozí obslužná rutina pro odkazy na soubory v terminálu.","githubPullRequests.terminalLinksHandler.github":"Vytvořit žádost o přijetí změn na GitHubu","githubPullRequests.terminalLinksHandler.vscode":"Vytvořit žádost o přijetí změn ve VS Code","githubPullRequests.useReviewMode.closed":"Pro uzavřené žádosti o přijetí změn se použije režim kontroly. Sloučené žádosti o přijetí změn se nepovažují za uzavřené.","githubPullRequests.useReviewMode.description":"Zvolte, které stavy žádostí o přijetí změn budou používat režim kontroly. „Otevřené“ žádosti o přijetí změn budou vždy používat režim kontroly.","githubPullRequests.useReviewMode.merged":"Pro sloučené žádosti o přijetí změn použít režim kontroly.","submenu.github.issues.overflow.label":"Další akce...","submenu.github.pullRequests.overflow.label":"Další akce...","view.github.active.pull.request.name":"Aktivní žádost o přijetí změn","view.github.active.pull.request.welcome.name":"Aktivní žádost o přijetí změn","view.github.compare.changes.name":"Porovnat změny","view.github.create.pull.request.name":"Vytvořit žádost o přijetí změn","view.github.login.name":"Přihlašovací jméno","view.github.pull.request.name":"Žádost o přijetí změn GitHubu","view.issues.github.name":"Problémy","view.pr.github.name":"Žádosti o přijetí změn","view.pr.status.github.name":"Změny v žádosti o přijetí změn","welcome.github.activePullRequest.contents":"Načítání...","welcome.github.compareChanges.contents":"Porovnávací větev nemá žádné upstreamové vzdálené umístění\n[Publikovat větev](command:git.publish)","welcome.github.login.contents":"Ještě jste se nepřihlásili přes GitHub.\n[Přihlásit se](command:pr.signin)","welcome.github.loginWithEnterprise.contents":"[Přihlásit se pomocí GitHub Enterprise](command:pr.signinenterprise)","welcome.issues.github.noFolder.contents":"Zatím jste neotevřeli žádnou složku.","welcome.issues.github.noRepo.contents":"Nenalezena žádná úložiště GIT","welcome.issues.github.uninitialized.contents":"Načítání...","welcome.pr.github.noFolder.contents":"Zatím jste neotevřeli žádnou složku.","welcome.pr.github.noRepo.contents":"Nenalezena žádná úložiště GIT","welcome.pr.github.uninitialized.contents":"Načítání..."}
