{"command.comments.category":"Commentaires","command.issue.continueWorking.title":"Continuer à travailler sur le problème","command.issue.copyGithubHeadLink.title":"Copier un lien d’en-tête GitHub","command.issue.copyGithubPermalink.title":"Copier le lien Permalink GitHub","command.issue.copyIssueNumber.title":"Copier un numéro","command.issue.copyIssueUrl.title":"Copier une Url","command.issue.copyMarkdownGithubPermalink.title":"Copier le lien Permalink GitHub en tant que Markdown","command.issue.createIssue.title":"Créer un problème","command.issue.createIssueFromClipboard.title":"Créer un problème à partir du Presse-papiers","command.issue.createIssueFromFile.title":"Créer un problème","command.issue.createIssueFromSelection.title":"Créer un problème à partir de la sélection","command.issue.editQuery.title":"Modifier une requête","command.issue.getCurrent.title":"Obtenir un problème actuel","command.issue.goToLinkedCode.title":"Accéder au code lié","command.issue.issueCompletion.title":"Sélection de la saisie semi-automatique d’un problème","command.issue.openGithubPermalink.title":"Ouvrir Permalink sur GitHub","command.issue.openIssue.title":"Ouvrir un problème sur GitHub","command.issue.refresh.title":"Actualiser","command.issue.signinAndRefreshList.title":"Se connecter et actualiser","command.issue.startWorking.title":"Commencer à travailler sur un problème","command.issue.startWorkingBranchDescriptiveTitle.title":"Commencer à travailler sur un problème et une branche de rubrique d’extraction","command.issue.startWorkingBranchPrompt.title":"Commencer à travailler et définir une branche...","command.issue.statusBar.title":"Options de problème actuelles","command.issue.stopWorking.title":"Arrêter de travailler sur un problème","command.issue.stopWorkingBranchDescriptiveTitle.title":"Arrêter de travailler sur le problème et quitter la branche de rubrique","command.issue.suggestRefresh.title":"Actualiser des suggestions","command.issue.userCompletion.title":"Achèvement de l'utilisateur choisi","command.issues.category":"Problèmes GitHub","command.issues.openIssuesWebsite.title":"Ouvrir dans GitHub","command.pr.cancelEditComment.title":"Annuler","command.pr.checkoutByNumber.title":"Extraire la demande de tirage (pull request) par numéro","command.pr.close.title":"Fermer la demande de tirage (pull request)","command.pr.collapseAllComments.title":"Réduire tous les commentaires","command.pr.configurePRViewlet.title":"Configurer...","command.pr.configureRemotes.title":"Configurer les dépôts distants...","command.pr.copyCommitHash.title":"Copier un code de hachage de validation","command.pr.copyVscodeDevPrLink.title":"Copy vscode.dev Pull Request Link","command.pr.create.title":"Créer une demande de tirage (pull request)","command.pr.createComment.title":"Ajouter un commentaire","command.pr.createSingleComment.title":"Ajouter un commentaire","command.pr.deleteComment.title":"Supprimer un commentaire","command.pr.deleteLocalBranch.title":"Supprimer une branche locale","command.pr.deleteLocalBranchesNRemotes.title":"Supprimer les branches locales et les dépôts distants","command.pr.dismissNotification.title":"Ignorer une notification","command.pr.editComment.title":"Modifier un commentaire","command.pr.editQuery.title":"Modifier une requête","command.pr.exit.title":"Extraire une branche par défaut","command.pr.goToNextDiffInPr.title":"Atteindre la différence suivante dans la demande de tirage (Pull request)","command.pr.markFileAsViewed.title":"Marquer le fichier comme affiché","command.pr.merge.title":"Fusionner une demande de tirage (pull request)","command.pr.openAllDiffs.title":"Ouvrir toutes les différences","command.pr.openDescription.title":"Description de la demande de tirage (pull request) non valide","command.pr.openDescriptionToTheSide.title":"Ouvrir la description d’une demande de tirage (pull request) sur le côté","command.pr.openDiffView.title":"Ouvrir un autre affichage","command.pr.openFileOnGitHub.title":"Ouvrir un fichier sur GitHub","command.pr.openModifiedFile.title":"Ouvrir un fichier modifié","command.pr.openOriginalFile.title":"Ouvrir un fichier d’origine","command.pr.openPullRequestOnGitHub.title":"Ouvrir une demande de tirage (pull request) sur GitHub","command.pr.openPullsWebsite.title":"Ouvrir dans GitHub","command.pr.openReview.title":"Accéder à l’évaluation","command.pr.pick.title":"Extraire une demande de tirage (pull request)","command.pr.readyForReview.title":"Marquer la demande de tirage (pull request) comme prête pour révision","command.pr.refreshActivePullRequest.title":"Actualiser","command.pr.refreshChanges.title":"Actualiser","command.pr.refreshDescription.title":"Actualiser la description d’une demande de tirage (pull request)","command.pr.refreshList.title":"Actualiser une liste de demandes de tirage (pull requests)","command.pr.refreshPullRequest.title":"Actualiser une demande de tirage (pull request)","command.pr.resetViewedFiles.title":"Réinitialiser des fichiers affichés","command.pr.resolveReviewThread.title":"Résoudre une conversation","command.pr.saveComment.title":"Enregistrer","command.pr.setFileListLayoutAsFlat.title":"Activer/désactiver le mode Affichage","command.pr.setFileListLayoutAsTree.title":"Activer/désactiver le mode Affichage","command.pr.showDiffAll.title":"Afficher toutes les modifications","command.pr.showDiffSinceLastReview.title":"Afficher les modifications apportées depuis la dernière révision","command.pr.signin.title":"Se connecter à GitHub","command.pr.signinAndRefreshList.title":"Se connecter et actualiser","command.pr.signinenterprise.title":"Se connecter à GitHub Enterprise","command.pr.startReview.title":"Lancer la révision","command.pr.unmarkFileAsViewed.title":"Marquer le fichier comme non affiché","command.pr.unresolveReviewThread.title":"Annuler la résolution d’une conversation","command.pull.request.category":"Demandes de tirage (pull requests) GitHub","command.review.openFile.title":"Ouvrir un fichier","command.review.openLocalFile.title":"Ouvrir un fichier","command.review.suggestDiff.title":"Suggérer une modification","description":"Fournisseur de demandes de tirage (pull requests) et de problèmes pour GitHub","displayName":"Problèmes et demandes et de tirage (pull requests) GitHub","githubIssues.assignWhenWorking.description":"Attribuez le problème sur lequel vous travaillez. S’applique uniquement lorsque le problème sur lequel vous travaillez se trouve dans un référentiel que vous avez actuellement ouvert.","githubIssues.createInsertFormat.description":"Contrôle si un numéro de problème (par exemple, #1234) ou une URL complète (par exemple, https://github.com/owner/name/issues/1234) est inséré lorsque l’action Créer un code de problème est exécutée.","githubIssues.createIssueTriggers.description":"Chaînes qui vont entraîner l’affichage de l’action de code « Créer un problème à partir d’un commentaire ».","githubIssues.createIssueTriggers.items":"Chaîne qui active l’action de code « Créer un problème à partir d’un commentaire ». Ne doit pas contenir d’espaces blancs.","githubIssues.ignoreCompletionTrigger.description":"Langues qui ne doivent pas utiliser le caractère « @ » pour déclencher des suggestions de saisie semi-automatique de problèmes.","githubIssues.ignoreCompletionTrigger.items":"La langue qui émet des saisies automatiques ne doit pas se déclencher sur « # ».","githubIssues.ignoreMilestones.description":"Tableau de titres de jalons pour ne jamais afficher les problèmes.","githubIssues.ignoreUserCompletionTrigger.description":"Langues qui ne doivent pas utiliser le caractère « @ » pour déclencher des suggestions de saisie semi-automatique des utilisateurs.","githubIssues.ignoreUserCompletionTrigger.items":"La langue qui émet des saisies semi-automatiques pour l’utilisateur ne doit pas se déclencher sur « @ ».","githubIssues.issueBranchTitle.markdownDescription":"Paramètres avancés pour le nom de la branche créée lorsque vous commencez à travailler sur un problème. \n- `${user}` sera remplacé par le nom d’utilisateur actuellement connecté \n- `${issueNumber}` sera remplacé par le numéro du problème actuel \n- `${sanitizedIssueTitle}` sera remplacé par le titre du problème, avec tous les espaces et les caractères non pris en charge (https://git-scm.com/docs/git-check-ref-format) supprimés","githubIssues.issueCompletionFormatScm.markdownDescription":"Définit le format des saisies semi-automatiques de problèmes dans la zone d’entrée SCM. \n- `${user}` sera remplacé par le nom d’utilisateur actuellement connecté \n- `${issueNumber}` sera remplacé par le numéro du problème actuel \n- `${issueNumberLabel}` sera remplacé par une étiquette au format #number ou owner/repository#number, selon que le problème se trouve dans le référentiel actuel","githubIssues.issueCompletions.enabled.description":"Contrôle l’affichage des suggestions de saisie semi-automatique pour des problèmes.","githubIssues.queries.default.createdIssues":"Problèmes créés","githubIssues.queries.default.myIssues":"Mes problèmes","githubIssues.queries.default.recentIssues":"Problèmes récents","githubIssues.queries.label":"Étiquette à afficher pour la requête dans l’arborescence des problèmes.","githubIssues.queries.markdownDescription":"Spécifie les requêtes à utiliser dans l’arborescence des problèmes GitHub à l’aide de [GitHub search syntax](https://help.github.com/en/articles/understanding-the-search-syntax) avec des variables. La première requête répertoriée sera développée dans la vue Problèmes. La requête « par défaut » inclut les problèmes qui vous sont attribués par Jalon. Si vous voulez les conserver, assurez-vous qu’ils se trouvent toujours dans le tableau lorsque vous modifiez le paramètre.","githubIssues.queries.query":"Requête de recherche utilisant [GitHub search syntax](https://help.github.com/en/articles/understanding-the-search-syntax) avec des variables. La variable `${user}` peut être utilisée pour spécifier l’utilisateur connecté dans une recherche. `${owner}` et `${repository}` peuvent être utilisés pour spécifier le référentiel à l’aide de `repo:${owner}/${repository}`.","githubIssues.useBranchForIssues.description":"Détermine si une branche doit être extraite en cas de problème. Pour configurer le nom de la branche, définissez `githubIssues.issueBranchTitle`.","githubIssues.useBranchForIssues.off":"Aucune branche ne sera créée lorsque vous commencerez à travailler sur un problème. Si vous avez déjà travaillé sur un problème et qu’une branche a été créée pour celui-ci, cette même branche sera extraite.","githubIssues.useBranchForIssues.on":"Une branche sera toujours extraite lorsque vous commencerez à travailler sur un problème. Si la branche n’existe pas, elle sera créée.","githubIssues.useBranchForIssues.prompt":"Une invite s’affiche pour définir le nom de la branche qui sera créée et extraite.","githubIssues.userCompletions.enabled.description":"Contrôle l’affichage des suggestions de saisie semi-automatique pour des utilisateurs.","githubIssues.workingIssueFormatScm.markdownDescription":"Définit le format du message de validation défini dans la zone d’entrée SCM lorsque vous **Commencez à travailler sur un problème**. La valeur par défaut est `${issueTitle} \nCorrige #${issueNumber}`","githubPullRequests.assignCreated.description":"Toutes les demandes de tirage (pull requests) créées avec cette extension seront affectées à cet utilisateur. Pour vous attribuer, utilisez la variable '${user}'.","githubPullRequests.commentExpandState.collapseAll":"Tous les commentaires seront réduits","githubPullRequests.commentExpandState.description":"Contrôle si les commentaires sont développés lors de l’ouverture d’un document avec des commentaires.","githubPullRequests.commentExpandState.expandUnresolved":"Tous les commentaires non résolus seront développés.","githubPullRequests.createOnPublishBranch.ask":"Demander si vous souhaitez créer de demande de tirage (pull request) lorsqu’une branche est publiée.","githubPullRequests.createOnPublishBranch.description":"Créez une demande de tirage (pull request) lorsqu’une branche est publiée.","githubPullRequests.createOnPublishBranch.never":"Ne jamais créer de demande de tirage (pull request) lorsqu’une branche est publiée.","githubPullRequests.defaultDeletionMethod.selectLocalBranch.description":"Quand la valeur est True, l’option permettant de supprimer la branche locales est sélectionnée par défaut lors de la suppression d’une branche d’une demande de tirage (pull request).","githubPullRequests.defaultDeletionMethod.selectRemote.description":"Quand la valeur est True, l’option permettant de supprimer le dépôt distant est sélectionnée par défaut lors de la suppression d’une branche d’une demande de tirage (pull request).","githubPullRequests.defaultMergeMethod.description":"Méthode à utiliser lors de la fusion des demandes de tirage (pull requests).","githubPullRequests.fileListLayout.description":"Disposition à utiliser lors de l’affichage de la liste des fichiers modifiés.","githubPullRequests.focusedMode.description":"Disposition à utiliser lors de l’extraction d’une demande de tirage (pull request). Définir sur false pour empêcher les modifications de disposition.","githubPullRequests.ignoredPullRequestBranches.description":"Empêche la détection automatique des branches associées à une demande de tirage (pull request). Cela empêchera l’entrée du mode révision sur ces branches.","githubPullRequests.ignoredPullRequestBranches.items":"Nom de la branche","githubPullRequests.logLevel.description":"Journalisation de l’extension de demande de tirage (pull request) GitHub. Le journal est émis vers le canal de sortie nommé en tant que demande de tirage (pull request) GitHub.","githubPullRequests.notifications.description":"Si des notifications GitHub doivent être affichées à l’utilisateur.","githubPullRequests.overrideDefaultBranch.description":"La branche par défaut d’un référentiel est définie sur github.com. Avec ce paramètre, vous pouvez remplacer cette valeur par défaut par une autre branche.","githubPullRequests.postCreate.description":"Action à entreprendre après la création d’une demande de tirage (pull request).","githubPullRequests.postCreate.none":"Aucune action","githubPullRequests.postCreate.openOverview":"Ouvrir la page de vue d’ensemble de la demande de tirage (pull request)","githubPullRequests.pullBranch.always":"Toujours extraire une branche PR quand des modifications sont détectées dans la demande de tirage (pull request). Quand `« git.autoStash »: true`, cela `invite` à la place pour éviter les changements de fichier inattendus.","githubPullRequests.pullBranch.description":"Extraire les modifications à partir du dépôt distant lorsqu’une branche PR est modifiée localement. Des modifications sont détectées lors de l’actualisation manuelle de la demande de tirage (pull request) et lors des mises à jour périodiques en arrière-plan.","githubPullRequests.pullBranch.never":"Ne jamais extraire une branche PR lorsque des modifications sont détectées dans la demande de tirage (pull request).","githubPullRequests.pullBranch.prompt":"Invitez à effectuer une demande de tirage (pull request) lorsque des modifications sont détectées dans la demande de tirage (pull request).","githubPullRequests.pullRequestDescription.commit":"Utiliser uniquement le dernier message de validation","githubPullRequests.pullRequestDescription.description":"Description utilisée lors de la création des demandes de tirage (pull requests).","githubPullRequests.pullRequestDescription.template":"Utilisez un modèle de demande de tirage (pull request) et une description de validation, ou utilisez simplement la description de validation si aucun modèle n’a été trouvé","githubPullRequests.pushBranch.always":"Toujours envoyer la branche lors de la création d’une demande de tirage (pull request) et que la branche « from » n’est pas disponible sur le dépôt distant.","githubPullRequests.pushBranch.description":"L’envoi (push) de la branche « De » lors de la création d’une demande de tirage (PR) et la branche « De » ne sont pas disponibles sur le dépôt distant.","githubPullRequests.pushBranch.prompt":"Invite pour l’envoi (push) de la branche « from » lors de la création d’une demande de tirage (PR) et de la branche « from » n’est pas disponible sur le dépôt distant.","githubPullRequests.queries.assignedToMe":"Qui me sont assignées","githubPullRequests.queries.createdByMe":"Créé(es) par moi","githubPullRequests.queries.label.description":"Étiquette à afficher pour la requête dans l’arborescence des demandes de tirage (pull requests)","githubPullRequests.queries.markdownDescription":"Spécifie les requêtes à utiliser dans l’arborescence des demandes de tirage (pull requests) GitHub. Toutes les requêtes sont effectuées en opposition du **référentiel actuellement ouvert**. Chaque objet de requête a une `étiquette` qui sera affichée dans l’arborescence et une `requête` de recherche utilisant [GitHub search syntax](https://help.github.com/en/articles/understanding-the-search-syntax). La variable `${user}` peut être utilisée pour spécifier l’utilisateur connecté dans une recherche. Par défaut, ces requêtes définissent les catégories « En attente de révision », « Affecté à moi » et « Créé par moi ». Si vous voulez les conserver, vérifiez qu’ils se trouvent toujours dans le tableau lorsque vous modifiez le paramètre.","githubPullRequests.queries.query.description":"Requête utilisée pour rechercher des demandes de tirage (pull requests).","githubPullRequests.queries.waitingForMyReview":"En attente de mon évaluation","githubPullRequests.remotes.markdownDescription":"Liste des référentiels distants, par nom, à partir desquels récupérer les demandes de tirage (pull requests).","githubPullRequests.terminalLinksHandler.ask":"Demander la méthode à utiliser","githubPullRequests.terminalLinksHandler.description":"Gestionnaire par défaut pour les liaisons de terminal.","githubPullRequests.terminalLinksHandler.github":"Créer la demande de tirage (pull request) sur GitHub","githubPullRequests.terminalLinksHandler.vscode":"Créer la demande de tirage (pull request) dans VS Code","githubPullRequests.useReviewMode.closed":"Utilisez le mode révision pour les demandes de tirage (pull requests) fermées. Les demandes de tirage (pull requests) fusionnées ne sont pas considérées comme « fermées ».","githubPullRequests.useReviewMode.description":"Choisissez les états de demande de tirage (pull request) qui utiliseront le mode révision. Les demandes de tirage (pull requests) « Ouvert » utilisent toujours le mode révision.","githubPullRequests.useReviewMode.merged":"Utilisez le mode révision pour les demandes de tirage (pull requests) fusionnées.","submenu.github.issues.overflow.label":"Autres actions...","submenu.github.pullRequests.overflow.label":"Autres actions...","view.github.active.pull.request.name":"Demande de tirage (pull request) active","view.github.active.pull.request.welcome.name":"Demande de tirage (pull request) active","view.github.compare.changes.name":"Comparer les modifications","view.github.create.pull.request.name":"Créer une demande de tirage (pull request)","view.github.login.name":"Connexion","view.github.pull.request.name":"Demande de tirage (pull request) GitHub","view.issues.github.name":"Problèmes","view.pr.github.name":"Demandes de tirage (pull requests)","view.pr.status.github.name":"Modifications dans la demande de tirage (pull request)","welcome.github.activePullRequest.contents":"Chargement en cours...","welcome.github.compareChanges.contents":"La branche de comparaison n’a pas de dépôt distant en amont\n[Publish branch](command:git.publish)","welcome.github.login.contents":"Vous ne vous êtes pas encore connecté avec GitHub\n[Sign in](command:pr.signin)","welcome.github.loginWithEnterprise.contents":"[Se connecter avec GitHub Enterprise](command:pr.signinenterprise)","welcome.issues.github.noFolder.contents":"Vous n'avez pas encore ouvert de dossier.","welcome.issues.github.noRepo.contents":"Référentiel Git introuvable","welcome.issues.github.uninitialized.contents":"Chargement en cours...","welcome.pr.github.noFolder.contents":"Vous n'avez pas encore ouvert de dossier.","welcome.pr.github.noRepo.contents":"Référentiel Git introuvable","welcome.pr.github.uninitialized.contents":"Chargement en cours..."}
