{"command.comments.category":"주석","command.issue.continueWorking.title":"문제에 대한 작업 계속","command.issue.copyGithubHeadLink.title":"GitHub 헤드 링크 복사","command.issue.copyGithubPermalink.title":"GitHub Permalink 복사","command.issue.copyIssueNumber.title":"번호 복사","command.issue.copyIssueUrl.title":"URL 복사","command.issue.copyMarkdownGithubPermalink.title":"GitHub Permalink를 Markdown으로 복사","command.issue.createIssue.title":"문제 만들기","command.issue.createIssueFromClipboard.title":"클립보드에서 문제 만들기","command.issue.createIssueFromFile.title":"문제 만들기","command.issue.createIssueFromSelection.title":"선택 영역에서 문제 만들기","command.issue.editQuery.title":"쿼리 편집","command.issue.getCurrent.title":"현재 문제 가져오기","command.issue.goToLinkedCode.title":"연결된 코드로 이동","command.issue.issueCompletion.title":"문제 완료 선택됨","command.issue.openGithubPermalink.title":"GitHub에서 Permalink 열기","command.issue.openIssue.title":"GitHub에서 문제 열기","command.issue.refresh.title":"새로 고침","command.issue.signinAndRefreshList.title":"로그인 및 새로 고침","command.issue.startWorking.title":"문제 해결 시작","command.issue.startWorkingBranchDescriptiveTitle.title":"문제 및 체크 아웃 항목 분기에 대한 작업 시작","command.issue.startWorkingBranchPrompt.title":"작업 시작 및 분기 설정...","command.issue.statusBar.title":"현재 문제 옵션","command.issue.stopWorking.title":"문제에 대한 작업 중지","command.issue.stopWorkingBranchDescriptiveTitle.title":"문제에 대한 작업을 중지하고 토픽 분기 나가기","command.issue.suggestRefresh.title":"제안 새로 고침","command.issue.userCompletion.title":"사용자 완료 선택","command.issues.category":"GitHub 문제","command.issues.openIssuesWebsite.title":"GitHub에서 열기","command.pr.cancelEditComment.title":"취소","command.pr.checkoutByNumber.title":"번호별 체크 아웃 끌어오기 요청","command.pr.close.title":"끌어오기 요청 닫기","command.pr.collapseAllComments.title":"모든 댓글 축소","command.pr.configurePRViewlet.title":"구성...","command.pr.configureRemotes.title":"원격 구성...","command.pr.copyCommitHash.title":"커밋 해시 복사","command.pr.copyVscodeDevPrLink.title":"vscode.dev 끌어오기 요청 링크 복사","command.pr.create.title":"끌어오기 요청 만들기","command.pr.createComment.title":"댓글 추가","command.pr.createSingleComment.title":"댓글 추가","command.pr.deleteComment.title":"주석 삭제","command.pr.deleteLocalBranch.title":"로컬 분기 삭제","command.pr.deleteLocalBranchesNRemotes.title":"로컬 분기 및 원격 삭제","command.pr.dismissNotification.title":"알림 해제","command.pr.editComment.title":"댓글 편집","command.pr.editQuery.title":"쿼리 편집","command.pr.exit.title":"체크 아웃 기본 분기","command.pr.goToNextDiffInPr.title":"끌어오기 요청의 다음 차이로 이동","command.pr.markFileAsViewed.title":"파일을 확인한 것으로 표시","command.pr.merge.title":"끌어오기 요청 병합","command.pr.openAllDiffs.title":"모든 Diff 열기","command.pr.openDescription.title":"끌어오기 요청 설명 보기","command.pr.openDescriptionToTheSide.title":"측면으로 끌어오기 요청 설명 열기","command.pr.openDiffView.title":"Diff 보기 열기","command.pr.openFileOnGitHub.title":"GitHub에서 파일 열기","command.pr.openModifiedFile.title":"수정된 파일 열기","command.pr.openOriginalFile.title":"원본 파일 열기","command.pr.openPullRequestOnGitHub.title":"GitHub에서 끌어오기 요청 열기","command.pr.openPullsWebsite.title":"GitHub에서 열기","command.pr.openReview.title":"리뷰로 이동","command.pr.pick.title":"체크 아웃 끌어오기 요청","command.pr.readyForReview.title":"검토 준비 완료 끌어오기 요청 표시","command.pr.refreshActivePullRequest.title":"새로 고침","command.pr.refreshChanges.title":"새로 고침","command.pr.refreshDescription.title":"끌어오기 요청 새로 고침 설명","command.pr.refreshList.title":"끌어오기 요청 목록 새로 고침","command.pr.refreshPullRequest.title":"끌어오기 요청 새로 고침","command.pr.resetViewedFiles.title":"확인한 파일 초기화","command.pr.resolveReviewThread.title":"대화 확인","command.pr.saveComment.title":"저장","command.pr.setFileListLayoutAsFlat.title":"보기 모드 토글","command.pr.setFileListLayoutAsTree.title":"보기 모드 토글","command.pr.showDiffAll.title":"모든 변경 내용 표시","command.pr.showDiffSinceLastReview.title":"마지막 검토 이후 변경 내용 표시","command.pr.signin.title":"GitHub에 로그인","command.pr.signinAndRefreshList.title":"로그인 및 새로 고침","command.pr.signinenterprise.title":"GitHub Enterprise 로그인","command.pr.startReview.title":"검토 시작","command.pr.unmarkFileAsViewed.title":"파일을 볼 수 없음으로 표시","command.pr.unresolveReviewThread.title":"확인되지 않은 대화","command.pull.request.category":"GitHub 끌어오기 요청","command.review.openFile.title":"파일 열기","command.review.openLocalFile.title":"파일 열기","command.review.suggestDiff.title":"편집 제안","description":"GitHub에 대한 끌어오기 요청 및 문제 공급자","displayName":"GitHub 끌어오기 요청 및 문제","githubIssues.assignWhenWorking.description":"작업 중인 문제를 할당합니다. 작업 중인 문제가 현재 열려 있는 리포지토리에 있는 경우에만 적용됩니다.","githubIssues.createInsertFormat.description":"문제 코드 만들기 작업이 실행될 때 문제 번호(예: #1234) 또는 전체 URL(예: https://github.com/owner/name/issues/1234)이 삽입되는지 여부를 제어합니다.","githubIssues.createIssueTriggers.description":"'주석에서 문제 만들기' 코드 작업이 표시되도록 하는 문자열입니다.","githubIssues.createIssueTriggers.items":"'주석에서 문제 만들기' 코드 작업을 활성화하는 문자열입니다. 공백을 포함할 수 없습니다.","githubIssues.ignoreCompletionTrigger.description":"문제 완료 제안을 트리거하는 데 '#' 문자를 사용할 수 없는 언어입니다.","githubIssues.ignoreCompletionTrigger.items":"완료를 실행하는 언어는 '#'에서 트리거되지 않아야 합니다.","githubIssues.ignoreMilestones.description":"문제를 표시하지 않을 마일스톤 타이틀의 배열입니다.","githubIssues.ignoreUserCompletionTrigger.description":"사용자 완성 제안을 트리거하는 데 '@' 문자를 사용할 수 없는 언어입니다.","githubIssues.ignoreUserCompletionTrigger.items":"'@'에서 사용자 완성이 트리거되지 않아야 하는 언어입니다.","githubIssues.issueBranchTitle.markdownDescription":"문제 작업을 시작할 때 생성되는 분기 이름에 대한 고급 설정입니다. \n- `${user}`이(가) 현재 로그인한 사용자 이름으로 대체됩니다. \n- `${issueNumber}`이(가) 현재 발행 번호로 대체됩니다. \n- `${sanitizedIssueTitle}`이(가) 모든 공백과 지원되지 않는 문자(https://git-scm.com/docs/git-check-ref-format)가 제거된 문제 제목으로 대체됩니다.","githubIssues.issueCompletionFormatScm.markdownDescription":"SCM 입력 상자에서 문제 완료의 형식을 설정합니다. \n- `${user}`이(가) 현재 로그인한 사용자 이름으로 바뀝니다. \n- `${issueNumber}`이(가) 현재 문제 번호로 바뀝니다. \n- '${issueNumberLabel}'이(가) 문제가 현재 리포지토리에 있는지 여부에 따라 #number 또는 소유자/리포지토리#number 형식의 레이블로 바뀝니다.","githubIssues.issueCompletions.enabled.description":"문제에 대한 완료 제안을 표시할지 여부를 제어합니다.","githubIssues.queries.default.createdIssues":"생성된 문제","githubIssues.queries.default.myIssues":"내 문제","githubIssues.queries.default.recentIssues":"최근 문제","githubIssues.queries.label":"문제 트리에서 쿼리에 대해 표시할 레이블입니다.","githubIssues.queries.markdownDescription":"변수와 함께 [GitHub 검색 구문](https://help.github.com/en/articles/understanding-the-search-syntax)을 사용하여 GitHub 문제 트리에서 사용해야 하는 쿼리를 지정합니다. 나열된 첫 번째 쿼리는 문제 보기에서 확장됩니다. \"기본\" 쿼리에는 마일스톤에서 할당한 문제가 포함됩니다. 이를 유지하려면 설정을 수정할 때 어레이에 여전히 있는지 확인하세요.","githubIssues.queries.query":"변수와 함께 [GitHub 검색 구문](https://help.github.com/en/articles/understanding-the-search-syntax)을 사용한 검색어입니다. 변수 `${user}`은(는) 검색 내에서 로그인한 사용자를 지정하는 데 사용할 수 있습니다. `${owner}` 및 `${repository}`는 `repo:${owner}/${repository}`을(를) 사용하여 리포지토리를 지정하는 데 사용할 수 있습니다.","githubIssues.useBranchForIssues.description":"문제를 해결할 때 분기를 체크 아웃해야 하는지 여부를 결정합니다. 분기의 이름을 구성하려면 `githubIssues.issueBranchTitle`을 설정합니다.","githubIssues.useBranchForIssues.off":"문제 작업을 시작할 때 분기가 생성되지 않습니다. 이전에 문제에 대해 작업한 적이 있고 이에 대한 분기가 생성된 경우 동일한 분기가 체크 아웃됩니다.","githubIssues.useBranchForIssues.on":"문제에 대한 작업을 시작할 때 항상 분기가 체크 아웃됩니다. 분기가 없으면 만들어집니다.","githubIssues.useBranchForIssues.prompt":"생성 및 체크 아웃할 분기의 이름을 설정하라는 프롬프트가 표시됩니다.","githubIssues.userCompletions.enabled.description":"완성 제안이 사용자에게 표시되는지 여부를 제어합니다.","githubIssues.workingIssueFormatScm.markdownDescription":"**문제 해결 시작**을 수행할 때 SCM 입력 상자에 설정된 커밋 메시지의 형식을 설정합니다. 기본값은 `${issueTitle} \nFixes #${issueNumber}`입니다.","githubPullRequests.assignCreated.description":"이 확장으로 생성된 모든 끌어오기 요청은 이 사용자에게 할당됩니다. 자신에게 할당하려면 '${user}' 변수를 사용하세요.","githubPullRequests.commentExpandState.collapseAll":"모든 댓글이 축소됩니다.","githubPullRequests.commentExpandState.description":"주석이 있는 문서를 열 때 주석 확장 여부를 제어합니다.","githubPullRequests.commentExpandState.expandUnresolved":"해결되지 않은 모든 주석이 확장됩니다.","githubPullRequests.createOnPublishBranch.ask":"분기가 게시될 때 끌어오기 요청을 만들 것인지 묻습니다.","githubPullRequests.createOnPublishBranch.description":"분기가 게시될 때 끌어오기 요청을 만듭니다.","githubPullRequests.createOnPublishBranch.never":"분기가 게시될 때 끌어오기 요청을 만들지 마세요.","githubPullRequests.defaultDeletionMethod.selectLocalBranch.description":"true이면 끌어오기 요청에서 분기를 삭제할 때 로컬 분기를 삭제하는 옵션이 기본적으로 선택됩니다.","githubPullRequests.defaultDeletionMethod.selectRemote.description":"true이면 끌어오기 요청에서 분기를 삭제할 때 기본적으로 원격 삭제 옵션이 선택됩니다.","githubPullRequests.defaultMergeMethod.description":"끌어오기 요청을 병합할 때 사용할 메서드입니다.","githubPullRequests.fileListLayout.description":"변경된 파일 목록을 표시할 때 사용할 레이아웃입니다.","githubPullRequests.focusedMode.description":"끌어오기 요청을 체크 아웃할 때 사용할 레이아웃입니다. 레이아웃이 변경되지 않도록 하려면 false로 설정합니다.","githubPullRequests.ignoredPullRequestBranches.description":"끌어오기 요청과 연결된 분기가 자동으로 검색되지 않도록 합니다. 이렇게 하면 이러한 분기에 검토 모드가 입력되지 않습니다.","githubPullRequests.ignoredPullRequestBranches.items":"지점 이름","githubPullRequests.logLevel.description":"GitHub 끌어오기 요청 확장에 대한 로깅입니다. 로그는 GitHub 끌어오기 요청이라는 출력 채널로 내보내집니다.","githubPullRequests.notifications.description":"GitHub 알림을 사용자에게 표시해야 하는 경우","githubPullRequests.overrideDefaultBranch.description":"리포지토리의 기본 분기는 github.com 설정됩니다. 이 설정을 사용하면 해당 기본값을 다른 분기로 재정의할 수 있습니다.","githubPullRequests.postCreate.description":"끌어오기 요청을 만든 후 수행할 작업입니다.","githubPullRequests.postCreate.none":"작업 없음","githubPullRequests.postCreate.openOverview":"끌어오기 요청의 개요 페이지 열기","githubPullRequests.pullBranch.always":"PR에서 변경 내용이 검색되면 항상 PR 분기를 끌어오세요. '\"git.autoStash\": true'인 경우 예기치 않은 파일 변경을 방지하기 위해 대신 '프롬프트'가 표시됩니다.","githubPullRequests.pullBranch.description":"PR 분기가 로컬로 체크 아웃된 경우 원격에서 변경 내용을 가져옵니다. PR을 수동으로 새로 고칠 때와 주기적인 백그라운드 업데이트 중에 변경 내용이 검색됩니다.","githubPullRequests.pullBranch.never":"PR에서 변경 내용이 검색되면 PR 분기를 끌어오지 마세요.","githubPullRequests.pullBranch.prompt":"PR에서 변경 내용이 검색되면 PR 분기를 끌어오라는 메시지를 표시합니다.","githubPullRequests.pullRequestDescription.commit":"최신 커밋 메시지만 사용","githubPullRequests.pullRequestDescription.description":"끌어오기 요청을 만들 때 사용되는 설명입니다.","githubPullRequests.pullRequestDescription.template":"끌어오기 요청 템플릿 및 커밋 설명을 사용하거나 템플릿을 찾을 수 없는 경우 커밋 설명만 사용하세요.","githubPullRequests.pushBranch.always":"PR 및 \"from\"을 만들 때 항상 분기를 푸시합니다. 분기를 원격에서 사용할 수 없습니다.","githubPullRequests.pushBranch.description":"\"from\" 푸시 PR 및 \"from\"을 만들 때 분기 분기를 원격에서 사용할 수 없습니다.","githubPullRequests.pushBranch.prompt":"PR 및 \"from\"을 만들 때 분기를 푸시하라는 메시지가 표시됩니다. 분기를 원격에서 사용할 수 없습니다.","githubPullRequests.queries.assignedToMe":"나에게 할당됨","githubPullRequests.queries.createdByMe":"내가 만든 항목","githubPullRequests.queries.label.description":"끌어오기 요청 트리에서 쿼리에 대해 표시할 레이블입니다.","githubPullRequests.queries.markdownDescription":"GitHub 끌어오기 요청 트리에서 사용해야 하는 쿼리를 지정합니다. 모든 쿼리는 **현재 열려 있는 리포지토리**를 기준으로 만들어집니다. 각 쿼리 개체에는 트리에 표시될 `label`과 [GitHub 검색 구문](https://help.github.com/en/articles/understanding-the-search-syntax)을 사용하는 검색 `query`가 있습니다. 변수 `${user}`는 검색 내에서 로그인한 사용자를 지정하는 데 사용할 수 있습니다. 기본적으로 이러한 쿼리는 \"내 검토 대기 중\", \"나에게 할당됨\" 및 \"내가 만든 항목\" 범주를 정의합니다. 이러한 항목을 유지하려면 설정을 수정할 때 해당 항목들이 계속 배열에 있는지 확인하세요.","githubPullRequests.queries.query.description":"끌어오기 요청을 검색하는 데 사용되는 쿼리입니다.","githubPullRequests.queries.waitingForMyReview":"내 검토 대기 중","githubPullRequests.remotes.markdownDescription":"끌어오기 요청을 가져올 원격 목록(이름별)입니다.","githubPullRequests.terminalLinksHandler.ask":"사용할 메서드를 묻습니다.","githubPullRequests.terminalLinksHandler.description":"터미널 링크에 대한 기본 처리기입니다.","githubPullRequests.terminalLinksHandler.github":"GitHub에서 끌어오기 요청 만들기","githubPullRequests.terminalLinksHandler.vscode":"VS Code 끌어오기 요청 만들기","githubPullRequests.useReviewMode.closed":"닫힌 끌어오기 요청에 검토 모드를 사용합니다. 병합된 끌어오기 요청은 \"닫힘\"으로 간주되지 않습니다.","githubPullRequests.useReviewMode.description":"검토 모드를 사용할 끌어오기 요청 상태를 선택합니다. \"열기> 끌어오기 요청은 항상 검토 모드를 사용합니다.","githubPullRequests.useReviewMode.merged":"병합된 끌어오기 요청에 검토 모드를 사용합니다.","submenu.github.issues.overflow.label":"기타 작업...","submenu.github.pullRequests.overflow.label":"기타 작업...","view.github.active.pull.request.name":"활성 끌어오기 요청","view.github.active.pull.request.welcome.name":"활성 끌어오기 요청","view.github.compare.changes.name":"변경 내용 비교","view.github.create.pull.request.name":"끌어오기 요청 만들기","view.github.login.name":"로그인","view.github.pull.request.name":"GitHub 끌어오기 요청","view.issues.github.name":"문제","view.pr.github.name":"끌어오기 요청","view.pr.status.github.name":"끌어오기 요청의 변경 내용","welcome.github.activePullRequest.contents":"로드 중...","welcome.github.compareChanges.contents":"비교 분기에 업스트림 원격\n[게시 분기](command:git.publish)가 없습니다.","welcome.github.login.contents":"GitHub\n[로그인](command:pr.signin)으로 아직 로그인하지 않았습니다.","welcome.github.loginWithEnterprise.contents":"[GitHub Enterprise로 로그인](command:pr.signinenterprise)","welcome.issues.github.noFolder.contents":"아직 폴더를 열지 않았습니다.","welcome.issues.github.noRepo.contents":"Git 리포지토리를 찾을 수 없음","welcome.issues.github.uninitialized.contents":"로드 중...","welcome.pr.github.noFolder.contents":"아직 폴더를 열지 않았습니다.","welcome.pr.github.noRepo.contents":"Git 리포지토리를 찾을 수 없음","welcome.pr.github.uninitialized.contents":"로드 중..."}
