{"command.comments.category":"Commenti","command.issue.continueWorking.title":"Continua a lavorare sul problema","command.issue.copyGithubHeadLink.title":"Copia collegamento head di GitHub","command.issue.copyGithubPermalink.title":"Copia collegamento permanente GitHub","command.issue.copyIssueNumber.title":"Copia numero","command.issue.copyIssueUrl.title":"Copia URL","command.issue.copyMarkdownGithubPermalink.title":"Copia collegamento permanente GitHub come Markdown","command.issue.createIssue.title":"Crea un problema","command.issue.createIssueFromClipboard.title":"Crea problema dagli Appunti","command.issue.createIssueFromFile.title":"Crea problema","command.issue.createIssueFromSelection.title":"Crea problema dalla selezione","command.issue.editQuery.title":"Modifica query","command.issue.getCurrent.title":"Recupera il problema corrente","command.issue.goToLinkedCode.title":"Vai al codice collegato","command.issue.issueCompletion.title":"Completamento del problema scelto","command.issue.openGithubPermalink.title":"Apri Collegamento permanente in GitHub","command.issue.openIssue.title":"Apri problema su GitHub","command.issue.refresh.title":"Aggiornare","command.issue.signinAndRefreshList.title":"Accedi e aggiorna","command.issue.startWorking.title":"Inizia a lavorare sul problema","command.issue.startWorkingBranchDescriptiveTitle.title":"Inizia a lavorare su problema ed esegui il checkout del ramo dell'argomento","command.issue.startWorkingBranchPrompt.title":"Inizia a lavorare e impostare il ramo...","command.issue.statusBar.title":"Opzioni del problema corrente","command.issue.stopWorking.title":"Smetti di lavorare sul problema","command.issue.stopWorkingBranchDescriptiveTitle.title":"Interrompi l'intervento sul problema e abbandona il ramo a tema","command.issue.suggestRefresh.title":"Aggiorna suggerimenti","command.issue.userCompletion.title":"Completamento utente scelto","command.issues.category":"Problemi di GitHub","command.issues.openIssuesWebsite.title":"Apri in GitHub","command.pr.cancelEditComment.title":"Annulla","command.pr.checkoutByNumber.title":"Richiesta pull di estrazione per numero","command.pr.close.title":"Chiudi la richiesta pull","command.pr.collapseAllComments.title":"Comprimi tutti i commenti","command.pr.configurePRViewlet.title":"Configura...","command.pr.configureRemotes.title":"Configura reposity remoti...","command.pr.copyCommitHash.title":"Copia l'hash di commit","command.pr.copyVscodeDevPrLink.title":"Copia collegamento alla richiesta pull per vscode.dev","command.pr.create.title":"Crea richiesta pull","command.pr.createComment.title":"Aggiungi commento","command.pr.createSingleComment.title":"Aggiungi commento","command.pr.deleteComment.title":"Elimina commento","command.pr.deleteLocalBranch.title":"Elimina il ramo locale","command.pr.deleteLocalBranchesNRemotes.title":"Elimina rami e repository remoti locali","command.pr.dismissNotification.title":"Chiudi notifica","command.pr.editComment.title":"Modifica commento","command.pr.editQuery.title":"Modifica query","command.pr.exit.title":"Estrai ramo predefinito","command.pr.goToNextDiffInPr.title":"Passare alla differenza successiva nella richiesta pull","command.pr.markFileAsViewed.title":"Contrassegna file come visualizzato","command.pr.merge.title":"Unisci richiesta pull","command.pr.openAllDiffs.title":"Apri tutte le differenze","command.pr.openDescription.title":"Visualizza descrizione richiesta pull","command.pr.openDescriptionToTheSide.title":"Apri descrizione richiesta pull lateralmente","command.pr.openDiffView.title":"Apri visualizzazione differenze","command.pr.openFileOnGitHub.title":"Apri file in GitHub","command.pr.openModifiedFile.title":"Apri file modificato","command.pr.openOriginalFile.title":"Apri file originale","command.pr.openPullRequestOnGitHub.title":"Apri richiesta pull in GitHub","command.pr.openPullsWebsite.title":"Apri in GitHub","command.pr.openReview.title":"Vai alla revisione","command.pr.pick.title":"Estrai richiesta pull","command.pr.readyForReview.title":"Contrassegna la richiesta pull come pronta per la revisione","command.pr.refreshActivePullRequest.title":"Aggiornare","command.pr.refreshChanges.title":"Aggiornare","command.pr.refreshDescription.title":"Descrizione della richiesta pull di aggiornamento","command.pr.refreshList.title":"Aggiorna elenco richieste pull","command.pr.refreshPullRequest.title":"Aggiorna richiesta pull","command.pr.resetViewedFiles.title":"Reimposta file visualizzati","command.pr.resolveReviewThread.title":"Risolvi conversazione","command.pr.saveComment.title":"Salva","command.pr.setFileListLayoutAsFlat.title":"Attiva/Disattiva modalità visualizzazione","command.pr.setFileListLayoutAsTree.title":"Attiva/Disattiva modalità visualizzazione","command.pr.showDiffAll.title":"Mostra tutte le modifiche","command.pr.showDiffSinceLastReview.title":"Mostra modifiche dall'ultima revisione","command.pr.signin.title":"Accedi a GitHub","command.pr.signinAndRefreshList.title":"Accedi e aggiorna","command.pr.signinenterprise.title":"Accedi a GitHub Enterprise","command.pr.startReview.title":"Inizia la verifica","command.pr.unmarkFileAsViewed.title":"Contrassegna file come non visualizzato","command.pr.unresolveReviewThread.title":"Annulla risolvi conversazione","command.pull.request.category":"Richieste pull GitHub","command.review.openFile.title":"Apri file","command.review.openLocalFile.title":"Apri file","command.review.suggestDiff.title":"Suggerisci modifica","description":"Provider di richieste pull e problemi per GitHub","displayName":"Richieste pull e problemi GitHub","githubIssues.assignWhenWorking.description":"Assegna il problema a cui si sta lavorando. Si applica solo quando il problema a cui si sta lavorando si trova in un repository attualmente aperto.","githubIssues.createInsertFormat.description":"Controlla se viene inserito un numero di problema (ad esempio # 1234) o un URL completo (ad esempio https://github.com/owner/name/issues/1234) quando viene eseguita l'azione Crea codice problema.","githubIssues.createIssueTriggers.description":"Stringhe che causeranno la visualizzazione dell'azione del codice 'Crea problema da commento'.","githubIssues.createIssueTriggers.items":"Stringa che abilita l'azione del codice 'Crea problema da commento'. Non deve contenere spazi vuoti.","githubIssues.ignoreCompletionTrigger.description":"Lingue in cui il carattere '#' non deve essere utilizzato per attivare i suggerimenti di completamento del problema.","githubIssues.ignoreCompletionTrigger.items":"Il linguaggio che esegue i completamenti non deve essere attivato in '#'.","githubIssues.ignoreMilestones.description":"Matrice di titoli di attività cardine da cui non visualizzare mai i problemi.","githubIssues.ignoreUserCompletionTrigger.description":"Lingue in cui il carattere '@' non deve essere utilizzato per attivare i suggerimenti di completamento dell'utente.","githubIssues.ignoreUserCompletionTrigger.items":"Lingua che i completamenti dell'utente non devono attivare in '@'.","githubIssues.issueBranchTitle.markdownDescription":"Impostazioni avanzate per il nome del ramo creato quando si inizia a lavorare su un problema. \n- ‘${user}' verrà sostituito con il nome utente attualmente connesso \n- '${issueNumber}' verrà sostituito con il numero di problema corrente \n- '${sanitizedIssueTitle}' verrà sostituito con il titolo del problema, con tutti gli spazi e i caratteri non supportati (https://git-scm.com/docs/git-check-ref-format) rimossi","githubIssues.issueCompletionFormatScm.markdownDescription":"Imposta il formato dei completamenti dei problemi nella casella di input SCM. \n- `${user}` verrà sostituito con il nome utente attualmente connesso \n- `${issueNumber}` verrà sostituito con il numero di problema corrente \n- `${issueNumberLabel}` verrà sostituito con un'etichetta formattata come #number o owner/repository#number, a seconda che il problema si trovi nel repository corrente","githubIssues.issueCompletions.enabled.description":"Controlla se i suggerimenti di completamento vengono visualizzati per i problemi.","githubIssues.queries.default.createdIssues":"Problemi creati","githubIssues.queries.default.myIssues":"Problemi personali","githubIssues.queries.default.recentIssues":"Problemi recenti","githubIssues.queries.label":"Etichetta da visualizzare per la query nell'albero Problemi.","githubIssues.queries.markdownDescription":"Specifica le query da usare nell'albero dei problemi di GitHub usando la [sintassi di ricerca GitHub](https://help.github.com/en/articles/understanding-the-search-syntax) con le variabili. La prima query elencata verrà espansa nella visualizzazione Problemi. La query \"predefinita\" include i problemi assegnati dall'attività cardine. Se si desidera mantenerli, assicurarsi che siano ancora nella matrice quando si modifica l'impostazione.","githubIssues.queries.query":"Query di ricerca che usa [sintassi di ricerca GitHub](https://help.github.com/en/articles/understanding-the-search-syntax) con variabili. La variabile '${user}' può essere usata per specificare l'utente connesso all'interno di una ricerca. '${owner}' e '${repository}' possono essere usati per specificare il repository usando 'repo:${owner}/${repository}'.","githubIssues.useBranchForIssues.description":"Determina se un ramo deve essere estratto quando si lavora su un problema. Per configurare il nome del ramo, impostare `githubIssues.issueBranchTitle`.","githubIssues.useBranchForIssues.off":"Un ramo non verrà creato quando si inizia a lavorare su un problema. Se in precedenza si è lavorato a un problema ed è stato creato un ramo per esso, lo stesso ramo verrà estratto.","githubIssues.useBranchForIssues.on":"Un ramo verrà sempre estratto quando si inizia a lavorare su un problema. Se il ramo non esiste, verrà creato.","githubIssues.useBranchForIssues.prompt":"Verrà visualizzato un prompt per l'impostazione del nome del ramo che verrà creato ed estratto.","githubIssues.userCompletions.enabled.description":"Controllare se i suggerimenti di completamento vengono visualizzati per gli utenti.","githubIssues.workingIssueFormatScm.markdownDescription":"Imposta il formato del messaggio di commit impostato nella casella di input SCM quando si inizia a lavorare su un problema**. Il valore predefinito è ${issueTitle} \ncorregge #${issueNumber}","githubPullRequests.assignCreated.description":"Tutte le richieste pull create con questa estensione verranno assegnate a questo utente. Per eseguire l'assegnazione a se stessi, usare la variabile '${user}'.","githubPullRequests.commentExpandState.collapseAll":"Tutti i commenti verranno compressi","githubPullRequests.commentExpandState.description":"Controlla se i commenti vengono espansi all'apertura di un documento con commenti.","githubPullRequests.commentExpandState.expandUnresolved":"Tutti i commenti non risolti verranno espansi.","githubPullRequests.createOnPublishBranch.ask":"Chiedere se si vuole creare una richiesta pull quando viene pubblicato un ramo.","githubPullRequests.createOnPublishBranch.description":"Creare una richiesta pull quando viene pubblicato un ramo.","githubPullRequests.createOnPublishBranch.never":"Non creare mai una richiesta pull quando viene pubblicato un ramo.","githubPullRequests.defaultDeletionMethod.selectLocalBranch.description":"Se è true, l'opzione per eliminare il ramo locale verrà selezionata per impostazione predefinita quando si elimina un ramo da una richiesta pull.","githubPullRequests.defaultDeletionMethod.selectRemote.description":"Se è true, l'opzione per eliminare il repository remoto verrà selezionata per impostazione predefinita quando si elimina un ramo da una richiesta pull.","githubPullRequests.defaultMergeMethod.description":"Metodo da utilizzare durante l'unione di richieste pull.","githubPullRequests.fileListLayout.description":"Layout da utilizzare per la visualizzazione dell'elenco dei file modificati.","githubPullRequests.focusedMode.description":"Il layout da usare quando viene estratta una richiesta di pull. Impostare su false per evitare le modifiche al layout.","githubPullRequests.ignoredPullRequestBranches.description":"Impedisce il rilevamento automatico dei rami associati a una richiesta pull. Questa operazione impedirà l'immissione della modalità di revisione in questi rami.","githubPullRequests.ignoredPullRequestBranches.items":"Nome del ramo","githubPullRequests.logLevel.description":"Registrazione per l'estensione Richiesta pull GitHub. Il log viene emesso nel canale di output denominato richiesta pull GitHub.","githubPullRequests.notifications.description":"Se le notifiche di GitHub devono essere visualizzate all'utente.","githubPullRequests.overrideDefaultBranch.description":"Il ramo predefinito per un repository è impostato su github.com. Con questa impostazione è possibile eseguire l'override del valore predefinito con un altro ramo.","githubPullRequests.postCreate.description":"Azione da eseguire dopo la creazione di una richiesta pull.","githubPullRequests.postCreate.none":"Nessuna azione","githubPullRequests.postCreate.openOverview":"Apri la pagina di panoramica della richiesta pull","githubPullRequests.pullBranch.always":"Eseguire sempre il pull di un ramo PR quando vengono rilevate modifiche nella richiesta pull. Quando '\"git.autoStash\": true' verrà invece 'prompt' per evitare modifiche impreviste ai file.","githubPullRequests.pullBranch.description":"Eseguire il pull delle modifiche dal computer remoto quando un ramo PR viene estratto in locale. Le modifiche vengono rilevate quando la richiesta pull viene aggiornata manualmente e durante gli aggiornamenti periodici in background.","githubPullRequests.pullBranch.never":"Non eseguire mai il pull di un ramo PR quando vengono rilevate modifiche nella richiesta pull.","githubPullRequests.pullBranch.prompt":"Richiedere di eseguire il pull di un ramo PR quando vengono rilevate modifiche nella richiesta pull.","githubPullRequests.pullRequestDescription.commit":"Usare solo il messaggio di commit più recente","githubPullRequests.pullRequestDescription.description":"Descrizione utilizzata per la creazione di richieste pull.","githubPullRequests.pullRequestDescription.template":"Usare un modello di richiesta pull e una descrizione di commit oppure usare la descrizione del commit se non sono stati trovati modelli","githubPullRequests.pushBranch.always":"Eseguire sempre il push del ramo \"da\" quando si crea una richiesta pull e il ramo \"da\" non è disponibile in remoto.","githubPullRequests.pushBranch.description":"Eseguire il push del ramo \"da\" quando si crea una richiesta pull e il ramo \"da\" non è disponibile in remoto.","githubPullRequests.pushBranch.prompt":"Cercare di eseguire il push del ramo \"da\" quando si crea una richiesta pull e il ramo \"da\" non è disponibile in remoto.","githubPullRequests.queries.assignedToMe":"Assegnati a me","githubPullRequests.queries.createdByMe":"Creato da me","githubPullRequests.queries.label.description":"Etichetta da visualizzare per la query nell'albero richieste pull","githubPullRequests.queries.markdownDescription":"Specifica le query da usare nell'albero delle richieste pull di GitHub. Tutte le query vengono eseguite sui **repository attualmente aperti**. Ogni oggetto query ha un`'etichetta` che verrà visualizzata nell'albero e una 'query' di ricerca usando [sintassi di ricerca GitHub](https://help.github.com/en/articles/understanding-the-search-syntax). La variabile `${user}` può essere usata per specificare l'utente connesso all'interno di una ricerca. Per impostazione predefinita, queste query definiscono le categorie “In attesa di revisione Review\", \"Assegnato a me\" e \"Creato da mee\". Se si desidera mantenerli, assicurarsi che siano ancora nella matrice quando si modifica l'impostazione.","githubPullRequests.queries.query.description":"Query utilizzata per la ricerca di richieste pull.","githubPullRequests.queries.waitingForMyReview":"In attesa della mia recensione","githubPullRequests.remotes.markdownDescription":"Elenco di repository remoti, in base al nome, da cui recuperare le richieste pull.","githubPullRequests.terminalLinksHandler.ask":"Chiedere quale metodo usare","githubPullRequests.terminalLinksHandler.description":"Gestore predefinito per i collegamenti al terminale.","githubPullRequests.terminalLinksHandler.github":"Crea la richiesta pull in GitHub","githubPullRequests.terminalLinksHandler.vscode":"Creare la richiesta pull in VS Code","githubPullRequests.useReviewMode.closed":"Usare la modalità di revisione per le richieste pull chiuse. Le richieste pull unite non sono considerate \"chiuse\".","githubPullRequests.useReviewMode.description":"Scegliere gli stati delle richieste pull che useranno la modalità di revisione. Le richieste pull \"Apri\" useranno sempre la modalità di revisione.","githubPullRequests.useReviewMode.merged":"Usare la modalità di revisione per le richieste pull unite.","submenu.github.issues.overflow.label":"Altre azioni...","submenu.github.pullRequests.overflow.label":"Altre azioni...","view.github.active.pull.request.name":"Richiesta pull attiva","view.github.active.pull.request.welcome.name":"Richiesta pull attiva","view.github.compare.changes.name":"Confronta le modifiche","view.github.create.pull.request.name":"Crea richiesta pull","view.github.login.name":"Accesso","view.github.pull.request.name":"Richiesta pull GitHub","view.issues.github.name":"Problemi","view.pr.github.name":"Richieste pull","view.pr.status.github.name":"Modifiche nella richiesta pull","welcome.github.activePullRequest.contents":"Caricamento in corso...","welcome.github.compareChanges.contents":"Il ramo di confronto non ha un ramo upstream remoto\n[Publish branch](command:git.publish)","welcome.github.login.contents":"Non è ancora stato eseguito l'accesso con GitHub\n[Accedi](command:pr.signin)","welcome.github.loginWithEnterprise.contents":"[Accedi con GitHub Enterprise](command:pr.signinenterprise)","welcome.issues.github.noFolder.contents":"Non è ancora stata aperta una cartella.","welcome.issues.github.noRepo.contents":"Non è stato trovato alcun repository","welcome.issues.github.uninitialized.contents":"Caricamento in corso...","welcome.pr.github.noFolder.contents":"Non è ancora stata aperta una cartella.","welcome.pr.github.noRepo.contents":"Non è stato trovato alcun repository","welcome.pr.github.uninitialized.contents":"Caricamento in corso..."}
