{"command.comments.category":"註解","command.issue.continueWorking.title":"繼續處理問題","command.issue.copyGithubHeadLink.title":"複製 GitHub 標頭連結","command.issue.copyGithubPermalink.title":"複製 GitHub 永久連結","command.issue.copyIssueNumber.title":"複製號碼","command.issue.copyIssueUrl.title":"複製 URL","command.issue.copyMarkdownGithubPermalink.title":"將 GitHub 永久連結複製為 Markdown","command.issue.createIssue.title":"建立問題","command.issue.createIssueFromClipboard.title":"從剪貼簿建立問題","command.issue.createIssueFromFile.title":"建立問題","command.issue.createIssueFromSelection.title":"從選取範圍建立問題","command.issue.editQuery.title":"編輯查詢","command.issue.getCurrent.title":"取得目前的問題","command.issue.goToLinkedCode.title":"前往連結代碼","command.issue.issueCompletion.title":"已選擇問題完成","command.issue.openGithubPermalink.title":"在 GitHub 上開啟永久連結","command.issue.openIssue.title":"GitHub 上的開啟問題","command.issue.refresh.title":"重新整理","command.issue.signinAndRefreshList.title":"登入並重新整理","command.issue.startWorking.title":"開始處理問題","command.issue.startWorkingBranchDescriptiveTitle.title":"開始處理議題和簽出主題分支","command.issue.startWorkingBranchPrompt.title":"開始工作並設定分支...","command.issue.statusBar.title":"目前的問題選項","command.issue.stopWorking.title":"停止處理問題","command.issue.stopWorkingBranchDescriptiveTitle.title":"停止處理問題並離開主題分支","command.issue.suggestRefresh.title":"重新整理建議","command.issue.userCompletion.title":"已選擇使用者完成","command.issues.category":"GitHub 問題","command.issues.openIssuesWebsite.title":"在 GitHub 上開啟","command.pr.cancelEditComment.title":"取消","command.pr.checkoutByNumber.title":"簽出提取要求 (按號碼)","command.pr.close.title":"關閉提取要求","command.pr.collapseAllComments.title":"摺疊所有註解","command.pr.configurePRViewlet.title":"設定...","command.pr.configureRemotes.title":"設定遠端...","command.pr.copyCommitHash.title":"複製認可雜湊","command.pr.copyVscodeDevPrLink.title":"複製 vscode.dev 提取要求連結","command.pr.create.title":"建立提取要求","command.pr.createComment.title":"加入註解","command.pr.createSingleComment.title":"加入註解","command.pr.deleteComment.title":"刪除註解","command.pr.deleteLocalBranch.title":"刪除本地分支","command.pr.deleteLocalBranchesNRemotes.title":"刪除本機分支和遠端","command.pr.dismissNotification.title":"關閉通知","command.pr.editComment.title":"編輯註解","command.pr.editQuery.title":"編輯查詢","command.pr.exit.title":"簽出預設分支","command.pr.goToNextDiffInPr.title":"前往提取要求中的下一個差異","command.pr.markFileAsViewed.title":"將檔案標記為已檢視","command.pr.merge.title":"合併提取要求","command.pr.openAllDiffs.title":"開啟所有差異","command.pr.openDescription.title":"檢視提取要求描述","command.pr.openDescriptionToTheSide.title":"開啟側邊提取要求描述","command.pr.openDiffView.title":"開啟差異檢視","command.pr.openFileOnGitHub.title":"在 GitHub 上開啟檔案","command.pr.openModifiedFile.title":"開啟已修改的檔案","command.pr.openOriginalFile.title":"開啟原始檔案","command.pr.openPullRequestOnGitHub.title":"開啟 GitHub 上的提取要求","command.pr.openPullsWebsite.title":"在 GitHub 上開啟","command.pr.openReview.title":"前往評論","command.pr.pick.title":"簽出提取要求","command.pr.readyForReview.title":"標記提取要求可供檢閱","command.pr.refreshActivePullRequest.title":"重新整理","command.pr.refreshChanges.title":"重新整理","command.pr.refreshDescription.title":"重新整理提取要求描述","command.pr.refreshList.title":"重新整理提取要求清單","command.pr.refreshPullRequest.title":"重新整理提取要求","command.pr.resetViewedFiles.title":"重設已檢視的檔案","command.pr.resolveReviewThread.title":"解決交談","command.pr.saveComment.title":"儲存","command.pr.setFileListLayoutAsFlat.title":"切換檢視模式","command.pr.setFileListLayoutAsTree.title":"切換檢視模式","command.pr.showDiffAll.title":"顯示所有變更","command.pr.showDiffSinceLastReview.title":"顯示自上次檢閱以來的變更","command.pr.signin.title":"登入 GitHub","command.pr.signinAndRefreshList.title":"登入並重新整理","command.pr.signinenterprise.title":"登入 GitHub Enterprise","command.pr.startReview.title":"開始檢閱","command.pr.unmarkFileAsViewed.title":"將檔案標記為未檢視","command.pr.unresolveReviewThread.title":"無法解析的交談","command.pull.request.category":"GitHub 提取要求","command.review.openFile.title":"開啟檔案","command.review.openLocalFile.title":"開啟檔案","command.review.suggestDiff.title":"建議編輯","description":"GitHub 的提取要求和問題提供者","displayName":"GitHub 提取要求和問題","githubIssues.assignWhenWorking.description":"指派您目前處理的問題。只有當您處理的問題位於您目前開啟的 Repo 中時，才適用。","githubIssues.createInsertFormat.description":"控制執行建立問題程式碼動作時，是否要插入問題編號 (例如 #1234) 或完整 URL (例如 https://github.com/owner/name/issues/1234)。","githubIssues.createIssueTriggers.description":"將會導致顯示「從註解建立問題」程式碼動作的字串。","githubIssues.createIssueTriggers.items":"啟用「從註解建立問題」程式碼動作的字串。不應包含空白字元。","githubIssues.ignoreCompletionTrigger.description":"不應該使用 '#' 字元來觸發問題完成建議的語言。","githubIssues.ignoreCompletionTrigger.items":"發出完成的語言不應該在 '#' 上觸發。","githubIssues.ignoreMilestones.description":"一律不會顯示問題之里程碑標題的陣列。","githubIssues.ignoreUserCompletionTrigger.description":"不應該使用 '@' 字元來觸發使用者完成建議的語言。","githubIssues.ignoreUserCompletionTrigger.items":"使用者完成的語言不應該在 '@' 上觸發。","githubIssues.issueBranchTitle.markdownDescription":"當您開始處理問題時，所建立之分支名稱的進階設定。\n- '${user}' 將取代為目前登入的使用者名稱 \n- `${issueNumber}` 將取代為目前的議題編號 \n- '${sanitizedIssueTitle}' 將取代為問題標題，移除所有空格與不支援的字元 (https://git-scm.com/docs/git-check-ref-format)","githubIssues.issueCompletionFormatScm.markdownDescription":"設定 SCM 輸入框中的問題完成格式。\n- '${user}' 將取代為目前登入的使用者名稱 \n- '${issueNumber}' 將取代為目前的問題編號 \n- '${issueNumberLabel}' 將取代為格式為 #number 或 owner/repository#number 的標籤， 取決於問題是否位於目前的存放庫","githubIssues.issueCompletions.enabled.description":"控制是否顯示問題的完成建議。","githubIssues.queries.default.createdIssues":"已建立的問題","githubIssues.queries.default.myIssues":"我的問題","githubIssues.queries.default.recentIssues":"最近的問題","githubIssues.queries.label":"要針對問題樹狀結構中查詢顯示的標籤。","githubIssues.queries.markdownDescription":"指定在 GitHub 問題樹狀結構中使用 [GitHub 搜尋語法](https://help.github.com/en/articles/understanding-the-search-syntax) 與變數的查詢。列出的第一個查詢將在問題檢視中展開。「預設」查詢包含由里程碑指派給您的問題。如果您想要保留這些設定，請確定當您修改設定時，它們仍在陣列中。","githubIssues.queries.query":"使用 [GitHub 搜尋語法](https://help.github.com/en/articles/understanding 搜尋語法) 與變數的搜尋查詢。變數 '${user}' 可用來指定搜尋中登入的使用者。'${owner}' 和 '${repository}' 可以使用 'repo:${owner}/${repository}' 來指定存放庫。","githubIssues.useBranchForIssues.description":"決定處理問題時是否應該簽出分支。若要設定分支的名稱，請設定 `githubIssues.issueBranchTitle`。","githubIssues.useBranchForIssues.off":"當您開始處理問題時，將不會建立分支。如果您之前曾處理過問題，且已建立分支，該分支將會簽出。","githubIssues.useBranchForIssues.on":"當您開始處理問題時，一定會簽出分支。如果分支不存在，將會建立分支。","githubIssues.useBranchForIssues.prompt":"將會顯示設定將建立和簽出之分支名稱的提示。","githubIssues.userCompletions.enabled.description":"控制是否顯示使用者的完成建議。","githubIssues.workingIssueFormatScm.markdownDescription":"設定當您**開始處理問題**時，SCM 輸入框中所設定之提交訊息的格式。預設值為 '${issueTitle} \nFixes #${issueNumber}'","githubPullRequests.assignCreated.description":"使用這個延伸模組建立的所有提取要求都會指派給這個使用者。若要指派給自己，請使用 '${user}' 變數。","githubPullRequests.commentExpandState.collapseAll":"所有註解都會被摺疊","githubPullRequests.commentExpandState.description":"控制開啟具有註解的文件時，是否要展開註解。","githubPullRequests.commentExpandState.expandUnresolved":"所有未解決的註解都會展開。","githubPullRequests.createOnPublishBranch.ask":"詢問您是否想要在發佈分支時建立提取要求。","githubPullRequests.createOnPublishBranch.description":"發佈分支時建立提取要求。","githubPullRequests.createOnPublishBranch.never":"發佈分支時，絕不建立提取要求。","githubPullRequests.defaultDeletionMethod.selectLocalBranch.description":"如果為 True，從提取要求刪除分支時，預設會選取刪除本機分支的選項。","githubPullRequests.defaultDeletionMethod.selectRemote.description":"如果為 True，從提取要求刪除分支時，預設會選取刪除遠端的選項。","githubPullRequests.defaultMergeMethod.description":"合併提取要求時所使用的方法。","githubPullRequests.fileListLayout.description":"顯示變更的檔案清單時使用的版面配置。","githubPullRequests.focusedMode.description":"取出提取要求時要使用的配置。設定為 false 以防止版面配置變更。","githubPullRequests.ignoredPullRequestBranches.description":"防止自動偵測與提取要求相關聯的分支。這可防止在這些分支上進入評論模式。","githubPullRequests.ignoredPullRequestBranches.items":"分支名稱","githubPullRequests.logLevel.description":"GitHub 提取要求延伸模組記錄。記錄會發出至名為 GitHub 提取要求的輸出通道。","githubPullRequests.notifications.description":"是否向使用者顯示 GitHub 通知。","githubPullRequests.overrideDefaultBranch.description":"存放庫的預設分支設定於 github.com。您可以使用此設定，以另一個分支來覆蓋該預設值。","githubPullRequests.postCreate.description":"建立提取要求後要採取的動作。","githubPullRequests.postCreate.none":"不執行任何動作","githubPullRequests.postCreate.openOverview":"開啟提取要求概觀頁面","githubPullRequests.pullBranch.always":"在 PR 中偵測到變更時，一律提取 PR 分支。當 `\"git.autoStash\": true` 時，這會改為 `prompt`，以避免意外的檔案變更。","githubPullRequests.pullBranch.description":"在遠端將 PR 分支簽出時，從遠端提取變更。在手動重新整理 PR 和定期背景更新期間偵測到變更。","githubPullRequests.pullBranch.never":"在 PR 中偵測到變更時，絕不提取 PR 分支。","githubPullRequests.pullBranch.prompt":"在 PR 中偵測到變更時提示提取 PR 分支。","githubPullRequests.pullRequestDescription.commit":"僅使用最新的提交訊息","githubPullRequests.pullRequestDescription.description":"建立提取要求時所使用的描述。","githubPullRequests.pullRequestDescription.template":"使用提取要求範本和提交描述，或是在找不到任何範本時只使用提交描述","githubPullRequests.pushBranch.always":"建立 PR 時一律推送分支，而遠端無法使用 \"from\" 分支。","githubPullRequests.pushBranch.description":"建立 PR 時推送 \"from\" 分支，而遠端無法使用 \"from\" 分支。","githubPullRequests.pushBranch.prompt":"建立 PR 時提示推送分支，遠端無法使用 \"from\" 分支。","githubPullRequests.queries.assignedToMe":"已指派給我","githubPullRequests.queries.createdByMe":"由我建立","githubPullRequests.queries.label.description":"在 Pull Requests 樹狀結構中顯示查詢的標籤","githubPullRequests.queries.markdownDescription":"指定應該在 GitHub 提取要求樹狀目錄中使用哪些查詢。所有查詢均針對 **目前已開啟的存放庫**。每個查詢對象都有一個 'label'，會顯示在樹狀目錄中，並使用[GitHub 搜尋語法](https://help.github.com/en/articles/understanding-the-search-syntax)搜尋 'query'。變數 '${user}' 可用來指定在搜尋中登入的使用者。這些查詢預設會定義類別「等待我的檢閱」、「指派至我」和「由我建立」。若要保留這些項目，請在修改設定時確定它們仍在數列中。","githubPullRequests.queries.query.description":"用於搜尋提取要求的查詢。","githubPullRequests.queries.waitingForMyReview":"正在等候我的評論","githubPullRequests.remotes.markdownDescription":"要從中擷取提取要求的遠端清單。","githubPullRequests.terminalLinksHandler.ask":"詢問要使用哪一種方法","githubPullRequests.terminalLinksHandler.description":"終端機連結的預設處理常式。","githubPullRequests.terminalLinksHandler.github":"在 GitHub 上建立提取要求","githubPullRequests.terminalLinksHandler.vscode":"在 VS 程式碼中建立提取要求","githubPullRequests.useReviewMode.closed":"針對已關閉的提取要求使用評論模式。合併的提取要求不會被視為「已關閉」。","githubPullRequests.useReviewMode.description":"選擇要使用檢閱模式的提取要求狀態。「開啟」提取要求一律會使用檢閱模式。","githubPullRequests.useReviewMode.merged":"針對合併的提取要求使用評論模式。","submenu.github.issues.overflow.label":"其他動作...","submenu.github.pullRequests.overflow.label":"其他動作...","view.github.active.pull.request.name":"使用中提取要求","view.github.active.pull.request.welcome.name":"使用中提取要求","view.github.compare.changes.name":"比較變更","view.github.create.pull.request.name":"建立提取要求","view.github.login.name":"登入","view.github.pull.request.name":"GitHub 提取要求","view.issues.github.name":"問題","view.pr.github.name":"提取要求","view.pr.status.github.name":"提取要求中的變更","welcome.github.activePullRequest.contents":"正在載入...","welcome.github.compareChanges.contents":"比較分支沒有上游遠端\n[發佈分支](command:git.publish)","welcome.github.login.contents":"您尚未使用 GitHub 登入\n[登入](command:pr.signin)","welcome.github.loginWithEnterprise.contents":"[使用 GitHub Enterprise 來登入](command:pr.signinenterprise)","welcome.issues.github.noFolder.contents":"尚未開啟資料夾。","welcome.issues.github.noRepo.contents":"找不到 Git 存放庫","welcome.issues.github.uninitialized.contents":"正在載入...","welcome.pr.github.noFolder.contents":"尚未開啟資料夾。","welcome.pr.github.noRepo.contents":"找不到 Git 存放庫","welcome.pr.github.uninitialized.contents":"正在載入..."}
