{"command.comments.category":"Komentarze","command.issue.continueWorking.title":"Kontynuuj pracę nad problemem","command.issue.copyGithubHeadLink.title":"Kopiuj link nagłówka usługi GitHub","command.issue.copyGithubPermalink.title":"Kopiuj narzędzie GitHub Permalink","command.issue.copyIssueNumber.title":"Kopiuj numer","command.issue.copyIssueUrl.title":"Kopiuj adres URL","command.issue.copyMarkdownGithubPermalink.title":"Kopiuj element Permalink usługi GitHub jako Markdown","command.issue.createIssue.title":"Utwórz problem","command.issue.createIssueFromClipboard.title":"Utwórz problem ze Schowka","command.issue.createIssueFromFile.title":"Utwórz problem","command.issue.createIssueFromSelection.title":"Utwórz problem z zaznaczenia","command.issue.editQuery.title":"Edytuj zapytanie","command.issue.getCurrent.title":"Pobierz bieżący problem","command.issue.goToLinkedCode.title":"Przejdź do połączonego kodu","command.issue.issueCompletion.title":"Wybrano uzupełnianie problemu","command.issue.openGithubPermalink.title":"Otwórz narzędzie Permalink w usłudze GitHub","command.issue.openIssue.title":"Otwórz problem w usłudze GitHub","command.issue.refresh.title":"Odśwież","command.issue.signinAndRefreshList.title":"Zaloguj się i odśwież","command.issue.startWorking.title":"Rozpocznij pracę nad problemem","command.issue.startWorkingBranchDescriptiveTitle.title":"Rozpocznij pracę nad problemem i gałęzią wyewidencjonowania tematu","command.issue.startWorkingBranchPrompt.title":"Rozpocznij pracę i ustaw gałąź...","command.issue.statusBar.title":"Opcje bieżącego problemu","command.issue.stopWorking.title":"Przestań pracować nad problemem","command.issue.stopWorkingBranchDescriptiveTitle.title":"Przestań pracować nad problemem i opuść gałąź tematu","command.issue.suggestRefresh.title":"Odśwież sugestie","command.issue.userCompletion.title":"Wybrano ukończenie przez użytkownika","command.issues.category":"Problemy z usługą GitHub","command.issues.openIssuesWebsite.title":"Otwórz w usłudze GitHub","command.pr.cancelEditComment.title":"Anuluj","command.pr.checkoutByNumber.title":"Wyewidencjonowanie żądania ściągnięcia według numeru","command.pr.close.title":"Zamknij żądanie ściągnięcia","command.pr.collapseAllComments.title":"Zwiń wszystkie komentarze","command.pr.configurePRViewlet.title":"Konfiguruj...","command.pr.configureRemotes.title":"Konfiguruj zdalne...","command.pr.copyCommitHash.title":"Kopiuj skrót zatwierdzenia","command.pr.copyVscodeDevPrLink.title":"Kopiuj vscode.dev link żądania ściągnięcia","command.pr.create.title":"Utwórz żądanie ściągnięcia","command.pr.createComment.title":"Dodaj komentarz","command.pr.createSingleComment.title":"Dodaj komentarz","command.pr.deleteComment.title":"Usuń komentarz","command.pr.deleteLocalBranch.title":"Usuń gałąź lokalną","command.pr.deleteLocalBranchesNRemotes.title":"Usuwanie gałęzi lokalnych i elementów zdalnych","command.pr.dismissNotification.title":"Odrzuć powiadomienie","command.pr.editComment.title":"Edytuj komentarz","command.pr.editQuery.title":"Edytuj zapytanie","command.pr.exit.title":"Wyewidencjonowanie gałęzi domyślnej","command.pr.goToNextDiffInPr.title":"Przejdź do następnej różnicy w żądaniu ściągnięcia","command.pr.markFileAsViewed.title":"Oznacz plik jako wyświetlony","command.pr.merge.title":"Scal żądanie ściągnięcia","command.pr.openAllDiffs.title":"Otwórz wszystkie różnice","command.pr.openDescription.title":"Wyświetl opis żądania ściągnięcia","command.pr.openDescriptionToTheSide.title":"Otwórz opis żądania ściągnięcia z boku","command.pr.openDiffView.title":"Otwórz widok różnic","command.pr.openFileOnGitHub.title":"Otwórz plik w usłudze GitHub","command.pr.openModifiedFile.title":"Otwórz zmodyfikowany plik","command.pr.openOriginalFile.title":"Otwórz oryginalny plik","command.pr.openPullRequestOnGitHub.title":"Otwórz żądanie ściągnięcia w usłudze GitHub","command.pr.openPullsWebsite.title":"Otwórz w usłudze GitHub","command.pr.openReview.title":"Przejdź do recenzji","command.pr.pick.title":"Wyewidencjonowanie żądania ściągnięcia","command.pr.readyForReview.title":"Oznacz żądanie ściągnięcia jako gotowe do przeglądu","command.pr.refreshActivePullRequest.title":"Odśwież","command.pr.refreshChanges.title":"Odśwież","command.pr.refreshDescription.title":"Odśwież opis żądania ściągnięcia","command.pr.refreshList.title":"Odśwież listę żądań ściągnięcia","command.pr.refreshPullRequest.title":"Odśwież żądanie ściągnięcia","command.pr.resetViewedFiles.title":"Resetuj wyświetlone pliki","command.pr.resolveReviewThread.title":"Rozwiąż konwersację","command.pr.saveComment.title":"Zapisz","command.pr.setFileListLayoutAsFlat.title":"Przełącz tryb widoku","command.pr.setFileListLayoutAsTree.title":"Przełącz tryb widoku","command.pr.showDiffAll.title":"Pokaż wszystkie zmiany","command.pr.showDiffSinceLastReview.title":"Pokaż zmiany od ostatniego przeglądu","command.pr.signin.title":"Zaloguj się w witrynie GitHub","command.pr.signinAndRefreshList.title":"Zaloguj się i odśwież","command.pr.signinenterprise.title":"Zaloguj się do usługi GitHub Enterprise","command.pr.startReview.title":"Rozpocznij przegląd","command.pr.unmarkFileAsViewed.title":"Oznacz plik jako niewyświetlony","command.pr.unresolveReviewThread.title":"Nierozwiązana konwersacja","command.pull.request.category":"Żądania ściągnięcia usługi GitHub","command.review.openFile.title":"Otwórz plik","command.review.openLocalFile.title":"Otwórz plik","command.review.suggestDiff.title":"Zaproponuj edycję","description":"Dostawca żądań ściągnięcia i problemów dla usługi GitHub","displayName":"Żądania ściągnięcia usługi GitHub i problemy","githubIssues.assignWhenWorking.description":"Przypisuje problem, nad którym pracujesz do Ciebie. Ma zastosowanie tylko wtedy, gdy problem, nad którym pracujesz, znajduje się w repozytorium, które jest obecnie otwarte.","githubIssues.createInsertFormat.description":"Określa, czy numer problemu (np. #1234) lub pełny adres URL (np. https://github.com/owner/name/issues/1234) jest wstawiany po uruchomieniu akcji tworzenia kodu problemu.","githubIssues.createIssueTriggers.description":"Ciągi, które spowodują wyświetlenie akcji kodu „Utwórz problem z komentarza”.","githubIssues.createIssueTriggers.items":"Ciąg, który umożliwia akcję kodu „Utwórz problem z komentarza”. Nie powinien zawierać białych znaków.","githubIssues.ignoreCompletionTrigger.description":"Języki, w których znak „#” nie powinien być używany do wyzwalania sugestii uzupełniania problemu.","githubIssues.ignoreCompletionTrigger.items":"Język, w którym uzupełnianie problemów nie powinno być wyzwalane po znaku „#”.","githubIssues.ignoreMilestones.description":"Tablica tytułów punktów kontrolnych, z których nigdy nie będą wyświetlane problemy.","githubIssues.ignoreUserCompletionTrigger.description":"Języki, w których znak „@” nie powinien być używany do wyzwalania sugestii uzupełnienia użytkownika.","githubIssues.ignoreUserCompletionTrigger.items":"Język, w którym uzupełnienie użytkownika nie powinno być wyzwalane po znaku „@”.","githubIssues.issueBranchTitle.markdownDescription":"Zaawansowane ustawienia nazwy gałęzi tworzonej po rozpoczęciu pracy nad problemem. \n- `${user}` zostanie zamieniona na obecnie zalogowaną nazwę użytkownika \n- `${issueNumber}` zostanie zastąpiony bieżącym numerem problemu \n- `${sanitizedIssueTitle}` zostanie zastąpiony tytułem problemu, z usuniętymi wszystkimi spacjami i nieobsługiwanymi znakami (https://git-scm.com/docs/git-check-ref-format)","githubIssues.issueCompletionFormatScm.markdownDescription":"Ustawia format uzupełnień problemów w skrzynce wejściowej SCM. \n- `${user}` zostanie zamieniona na obecnie zalogowaną nazwę użytkownika \n- `${issueNumber}` zostanie zastąpiony bieżącym numerem problemu \n- `${issueNumberLabel}` zostanie zastąpiony etykietą sformatowaną jako #number lub numer#repozytorium/właściciela, w zależności od tego, czy problem występuje w bieżącym repozytorium","githubIssues.issueCompletions.enabled.description":"Określa, czy sugestie uzupełniania są wyświetlane w przypadku problemów.","githubIssues.queries.default.createdIssues":"Utworzone problemy","githubIssues.queries.default.myIssues":"Moje problemy","githubIssues.queries.default.recentIssues":"Ostatnie problemy","githubIssues.queries.label":"Etykieta do wyświetlenia dla zapytania w drzewie problemów.","githubIssues.queries.markdownDescription":"Określa, jakie zapytania mają być używane w drzewie problemów usługi GitHub przy użyciu [składni wyszukiwania w usłudze GitHub](https://help.github.com/en/articles/understanding-the-search-syntax) ze zmiennymi. Pierwsze zapytanie na liście zostanie rozwinięte w widoku problemów. Zapytanie „domyślne” zawiera problemy przypisane do Ciebie przez punkt kontrolny. Jeśli chcesz je zachować, upewnij się, że są one nadal w tablicy podczas modyfikowania ustawienia.","githubIssues.queries.query":"Zapytanie wyszukiwania używające [składni wyszukiwania w usłudze GitHub](https://help.github.com/en/articles/understanding-the-search-syntax) ze zmiennymi. Zmienna `${user}` może służyć do określenia zalogowanego użytkownika w wyszukiwaniu. Elementy `${owner}` i `${repository}` mogą służyć do określania repozytorium przy użyciu elementu `repo:${owner}/${repository}`.","githubIssues.useBranchForIssues.description":"Określa, czy gałąź powinna być wyewidencjonowana podczas pracy nad problemem. Aby skonfigurować nazwę gałęzi, ustaw element `githubIssues.issueBranchTitle`.","githubIssues.useBranchForIssues.off":"Gałąź nie zostanie utworzona po rozpoczęciu pracy nad problemem. Jeśli wcześniej pracowano nad problemem i utworzono dla niego gałąź, ta sama gałąź zostanie wyewidencjonowana.","githubIssues.useBranchForIssues.on":"Gałąź będzie zawsze wyewidencjonowana po rozpoczęciu pracy nad problemem. Jeśli gałąź nie istnieje, zostanie utworzona.","githubIssues.useBranchForIssues.prompt":"Zostanie wyświetlony monit o ustawienie nazwy gałęzi, która zostanie utworzona i wyewidencjonowana.","githubIssues.userCompletions.enabled.description":"Określa, czy sugestie uzupełnienia są wyświetlane dla użytkowników.","githubIssues.workingIssueFormatScm.markdownDescription":"Ustawia format komunikatu zatwierdzenia ustawionego w skrzynce wejściowej SCM podczas **rozpoczęcia pracy nad problemem**. Wartość domyślna to `${issueTitle} \nFixes #${issueNumber}`","githubPullRequests.assignCreated.description":"Wszystkie żądania ściągnięcia utworzone za pomocą tego rozszerzenia zostaną przypisane do tego użytkownika. Aby przypisać do siebie, użyj zmiennej „${user}”.","githubPullRequests.commentExpandState.collapseAll":"Wszystkie komentarze zostaną zwinięte","githubPullRequests.commentExpandState.description":"Określa, czy komentarze są rozwijane po otwarciu dokumentu z komentarzami.","githubPullRequests.commentExpandState.expandUnresolved":"Wszystkie nierozwiązane komentarze zostaną rozwinięte.","githubPullRequests.createOnPublishBranch.ask":"Zapytaj, czy chcesz utworzyć żądanie ściągnięcia po opublikowaniu gałęzi.","githubPullRequests.createOnPublishBranch.description":"Utwórz żądanie ściągnięcia po opublikowaniu gałęzi.","githubPullRequests.createOnPublishBranch.never":"Nigdy nie twórz żądania ściągnięcia po opublikowaniu gałęzi.","githubPullRequests.defaultDeletionMethod.selectLocalBranch.description":"W przypadku wartości True, opcja usunięcia gałęzi lokalnej zostanie wybrana domyślnie podczas usuwania gałęzi z żądania ściągnięcia.","githubPullRequests.defaultDeletionMethod.selectRemote.description":"W przypadku wartości True opcja usunięcia komputera zdalnego zostanie wybrana domyślnie podczas usuwania gałęzi z żądania ściągnięcia.","githubPullRequests.defaultMergeMethod.description":"Metoda używana podczas scalania żądań ściągnięcia.","githubPullRequests.fileListLayout.description":"Układ używany podczas wyświetlania listy zmienionych plików.","githubPullRequests.focusedMode.description":"Układ do użycia, gdy żądanie ściągnięcia jest wyewidencjonowywane. Ustaw wartość false, aby zapobiec zmianom układu.","githubPullRequests.ignoredPullRequestBranches.description":"Zapobiega automatycznemu wykrywaniu gałęzi skojarzonych z żądaniem ściągnięcia. Zapobiegnie to wprowadzeniu trybu przeglądu w tych gałęziach.","githubPullRequests.ignoredPullRequestBranches.items":"Nazwa gałęzi","githubPullRequests.logLevel.description":"Rejestrowanie rozszerzenia żądania ściągnięcia usługi GitHub. Dziennik jest emitowany do kanału wyjściowego o nazwie GitHub Pull Request.","githubPullRequests.notifications.description":"Jeśli powiadomienia usługi GitHub powinny być wyświetlane użytkownikowi.","githubPullRequests.overrideDefaultBranch.description":"Domyślna gałąź repozytorium jest ustawiona na github.com. Za pomocą tego ustawienia można zastąpić to ustawienie domyślne inną gałęzią.","githubPullRequests.postCreate.description":"Akcja do wykonania po utworzeniu żądania ściągnięcia.","githubPullRequests.postCreate.none":"Brak akcji","githubPullRequests.postCreate.openOverview":"Otwórz stronę przeglądu żądania ściągnięcia","githubPullRequests.pullBranch.always":"Zawsze ściągaj gałąź żądania ściągnięcia, gdy w żądaniu ściągnięcia zostaną wykryte zmiany. Gdy element `\"git.autoStash\": true`, zostanie wyświetlony `prompt`, aby zapobiec nieoczekiwanym zmianom pliku.","githubPullRequests.pullBranch.description":"Ściągnij zmiany ze zdalnego komputera, gdy gałąź żądania ściągnięcia jest wyewidencjonowana lokalnie. Zmiany są wykrywane po ręcznym odświeżeniu żądania ściągnięcia i okresowych aktualizacjach w tle.","githubPullRequests.pullBranch.never":"Nigdy nie ściągaj gałęzi żądania ściągnięcia, gdy w żądaniu ściągnięcia zostaną wykryte zmiany.","githubPullRequests.pullBranch.prompt":"Monituj o ściągnięcie gałęzi żądania ściągnięcia po wykryciu zmian w żądaniu ściągnięcia.","githubPullRequests.pullRequestDescription.commit":"Użyj tylko najnowszego komunikatu zatwierdzenia","githubPullRequests.pullRequestDescription.description":"Opis używany podczas tworzenia żądań ściągnięcia.","githubPullRequests.pullRequestDescription.template":"Użyj szablonu żądania ściągnięcia i opisu zatwierdzenia lub po prostu użyj opisu zatwierdzenia, jeśli nie znaleziono szablonów","githubPullRequests.pushBranch.always":"Zawsze wypychaj gałąź podczas tworzenia żądania ściągnięcia i kiedy gałąź „z” jest niedostępna na zdalnym komputerze.","githubPullRequests.pushBranch.description":"Wypchnij gałąź „z” podczas tworzenia żądania ściągnięcia i kiedy gałąź „z” jest niedostępna na zdalnym komputerze.","githubPullRequests.pushBranch.prompt":"Monituj o wypchnięcie gałęzi podczas tworzenia żądania ściągnięcia i kiedy gałąź „z” jest niedostępna na zdalnym komputerze.","githubPullRequests.queries.assignedToMe":"Przypisane do mnie","githubPullRequests.queries.createdByMe":"Utworzone przeze mnie","githubPullRequests.queries.label.description":"Etykieta do wyświetlenia dla zapytania w drzewie żądań ściągnięcia","githubPullRequests.queries.markdownDescription":"Określa, jakie zapytania mają być używane w drzewie żądań ściągnięcia usługi GitHub. Wszystkie zapytania są wykonywane względem **obecnie otwartych repozytoriów**. Każdy obiekt zapytania ma etykietę `label`, która będzie wyświetlana w drzewie oraz zapytanie wyszukiwania `query` wykorzystujące [składnię wyszukiwania w usłudze GitHub](https://help.github.com/en/articles/understanding-the-search-syntax). Zmienna `${user}` może służyć do określenia zalogowanego użytkownika w wyszukiwaniu. Domyślnie te zapytania definiują kategorie „Oczekiwanie na moją recenzję”, „Przypisane do mnie” i „Utworzone przeze mnie”. Jeśli chcesz je zachować, upewnij się, że są one nadal w tablicy podczas modyfikowania ustawienia.","githubPullRequests.queries.query.description":"Zapytanie używane do wyszukiwania żądań ściągnięcia.","githubPullRequests.queries.waitingForMyReview":"Oczekiwanie na moją recenzję","githubPullRequests.remotes.markdownDescription":"Lista elementów zdalnych, według nazwy, z których mają być pobierane żądania ściągnięcia.","githubPullRequests.terminalLinksHandler.ask":"Zapytaj, której metody użyć","githubPullRequests.terminalLinksHandler.description":"Domyślna procedura obsługi linków terminalu.","githubPullRequests.terminalLinksHandler.github":"Tworzenie żądania ściągnięcia w usłudze GitHub","githubPullRequests.terminalLinksHandler.vscode":"Tworzenie żądania ściągnięcia w programie VS Code","githubPullRequests.useReviewMode.closed":"Użyj trybu przeglądu dla zamkniętych żądań ściągnięcia. Scalone żądania ściągnięcia nie są traktowane jako „zamknięte”.","githubPullRequests.useReviewMode.description":"Wybierz stany żądań ściągnięcia, które będą używać trybu przeglądu. Żądania ściągnięcia „Otwórz” będą zawsze używać trybu przeglądu.","githubPullRequests.useReviewMode.merged":"Użyj trybu przeglądu dla scalonych żądań ściągnięcia.","submenu.github.issues.overflow.label":"Więcej akcji...","submenu.github.pullRequests.overflow.label":"Więcej akcji...","view.github.active.pull.request.name":"Aktywne żądanie ściągnięcia","view.github.active.pull.request.welcome.name":"Aktywne żądanie ściągnięcia","view.github.compare.changes.name":"Porównaj zmiany","view.github.create.pull.request.name":"Utwórz żądanie ściągnięcia","view.github.login.name":"Zaloguj","view.github.pull.request.name":"Żądanie ściągnięcia usługi GitHub","view.issues.github.name":"Problemy","view.pr.github.name":"Żądania ściągnięcia","view.pr.status.github.name":"Zmiany w żądaniu ściągnięcia","welcome.github.activePullRequest.contents":"Trwa ładowanie...","welcome.github.compareChanges.contents":"Gałąź porównująca nie ma nadrzędnej gałęzi zdalnej\n[Publikuj gałąź](command:git.publish)","welcome.github.login.contents":"Nie zalogowano się jeszcze za pomocą usługi GitHub\n[Sign in](command:pr.signin)","welcome.github.loginWithEnterprise.contents":"[Zaloguj się za pomocą usługi GitHub Enterprise](command:pr.signinenterprise)","welcome.issues.github.noFolder.contents":"Nie otwarto jeszcze folderu.","welcome.issues.github.noRepo.contents":"Nie znaleziono repozytoriów GIT","welcome.issues.github.uninitialized.contents":"Trwa ładowanie...","welcome.pr.github.noFolder.contents":"Nie otwarto jeszcze folderu.","welcome.pr.github.noRepo.contents":"Nie znaleziono repozytoriów GIT","welcome.pr.github.uninitialized.contents":"Trwa ładowanie..."}
