{"events":{"GitHub.vscode-pull-request-github/startup":{},"GitHub.vscode-pull-request-github/branch.delete":{},"GitHub.vscode-pull-request-github/pr.create.success":{"isdraft":{"classification":"SystemMetaData","purpose":"FeatureInsight"}},"GitHub.vscode-pull-request-github/pr.create.failure":{"isdraft":{"classification":"SystemMetaData","purpose":"FeatureInsight"}},"GitHub.vscode-pull-request-github/issue.create.success":{},"GitHub.vscode-pull-request-github/issue.create.failure":{},"GitHub.vscode-pull-request-github/issue.assign.success":{},"GitHub.vscode-pull-request-github/issue.assign.failure":{},"GitHub.vscode-pull-request-github/pr.merge.success":{},"GitHub.vscode-pull-request-github/pr.merge.failure":{},"GitHub.vscode-pull-request-github/pr.approve":{},"GitHub.vscode-pull-request-github/pr.requestChanges":{},"GitHub.vscode-pull-request-github/pr.close":{},"GitHub.vscode-pull-request-github/pr.readyForReview.success":{},"GitHub.vscode-pull-request-github/pr.readyForReview.failure":{},"GitHub.vscode-pull-request-github/auth.cancel":{},"GitHub.vscode-pull-request-github/auth.start":{},"GitHub.vscode-pull-request-github/auth.success":{},"GitHub.vscode-pull-request-github/auth.fail":{},"GitHub.vscode-pull-request-github/query-expfeature":{"abexp.queriedfeature":{"classification":"SystemMetaData","purpose":"FeatureInsight"}},"GitHub.vscode-pull-request-github/pr.checkout":{"fromdescriptionpage":{"classification":"SystemMetaData","purpose":"FeatureInsight"}},"GitHub.vscode-pull-request-github/pr.openDescription":{},"GitHub.vscode-pull-request-github/pr.expand.local":{},"GitHub.vscode-pull-request-github/pr.expand.query":{},"GitHub.vscode-pull-request-github/pr.expand.all":{},"GitHub.vscode-pull-request-github/pr.deleteLocalPullRequest.failure":{},"GitHub.vscode-pull-request-github/pr.deleteLocalPullRequest.success":{},"GitHub.vscode-pull-request-github/pr.exit":{"fromdescriptionpage":{"classification":"SystemMetaData","purpose":"FeatureInsight"}},"GitHub.vscode-pull-request-github/pr.openDescriptionToTheSide":{},"GitHub.vscode-pull-request-github/pr.startReview":{},"GitHub.vscode-pull-request-github/pr.openReview":{},"GitHub.vscode-pull-request-github/pr.resolveReviewThread":{},"GitHub.vscode-pull-request-github/pr.unresolveReviewThread":{},"GitHub.vscode-pull-request-github/pr.createComment":{},"GitHub.vscode-pull-request-github/pr.createSingleComment":{},"GitHub.vscode-pull-request-github/pr.editComment":{},"GitHub.vscode-pull-request-github/pr.editQuery":{},"GitHub.vscode-pull-request-github/pr.cancelEditComment":{},"GitHub.vscode-pull-request-github/pr.saveComment":{},"GitHub.vscode-pull-request-github/pr.deleteComment":{},"GitHub.vscode-pull-request-github/issue.userHover":{},"GitHub.vscode-pull-request-github/issue.issueHover":{},"GitHub.vscode-pull-request-github/issue.createIssueFromSelection":{},"GitHub.vscode-pull-request-github/issue.createIssueFromClipboard":{},"GitHub.vscode-pull-request-github/issue.copyGithubPermalink":{},"GitHub.vscode-pull-request-github/issue.copyGithubHeadLink":{},"GitHub.vscode-pull-request-github/issue.copyMarkdownGithubPermalink":{},"GitHub.vscode-pull-request-github/issue.openGithubPermalink":{},"GitHub.vscode-pull-request-github/issue.openIssue":{},"GitHub.vscode-pull-request-github/issue.startWorking":{},"GitHub.vscode-pull-request-github/issue.continueWorking":{},"GitHub.vscode-pull-request-github/issue.startWorkingBranchPrompt":{},"GitHub.vscode-pull-request-github/issue.stopWorking":{},"GitHub.vscode-pull-request-github/issue.statusBar":{},"GitHub.vscode-pull-request-github/issue.copyIssueNumber":{},"GitHub.vscode-pull-request-github/issue.copyIssueUrl":{},"GitHub.vscode-pull-request-github/issue.refresh":{},"GitHub.vscode-pull-request-github/issue.suggestRefresh":{},"GitHub.vscode-pull-request-github/issue.getCurrent":{},"GitHub.vscode-pull-request-github/issue.editQuery":{},"GitHub.vscode-pull-request-github/issue.createIssue":{},"GitHub.vscode-pull-request-github/issue.createIssueFromFile":{},"GitHub.vscode-pull-request-github/issue.issueCompletion":{},"GitHub.vscode-pull-request-github/issue.userCompletion":{}},"commonProperties":{}}
