{"version":1,"resource":"vscode-remote://ravenhex1296-games-8mn5klocdc2.ws-us78.gitpod.io/workspace/games/neural_nets.txt","entries":[{"id":"ngxs.txt","timestamp":1670546740167},{"id":"2ykn.txt","timestamp":1670548639411},{"id":"kkim.txt","timestamp":1670626578940},{"id":"Y5xR.txt","timestamp":1670627355600},{"id":"LuAq.txt","timestamp":1670628561359},{"id":"BAtr.txt","timestamp":1670629178790},{"id":"8UqB.txt","timestamp":1670629281242},{"id":"FtuL.txt","timestamp":1670629444074},{"id":"wyHg.txt","timestamp":1670633349310},{"id":"xYIM.txt","timestamp":1670634440103},{"id":"rQ2m.txt","timestamp":1670682183113},{"id":"gJou.txt","timestamp":1670685077231},{"id":"n8hy.txt","timestamp":1670685609497},{"id":"LAL1.txt","timestamp":1670688700448},{"id":"bw2b.txt","timestamp":1670689839350},{"id":"03d9.txt","timestamp":1670707639005}]}