{"version":1,"resource":"vscode-remote://ravenhex1296-games-8mn5klocdc2.ws-us78.gitpod.io/workspace/games/inactive.txt","entries":[{"id":"iBC5.txt","timestamp":1670650119002},{"id":"xw4j.txt","timestamp":1670650390372},{"id":"SSt9.txt","timestamp":1670650402440},{"id":"UwG9.txt","timestamp":1670681874979},{"id":"JDiP.txt","timestamp":1670683434843},{"id":"MQ4N.txt","timestamp":1670683498995},{"id":"ZXvp.txt","timestamp":1670684441444},{"id":"sUkY.txt","timestamp":1670685597461},{"id":"EfqT.txt","timestamp":1670685668317},{"id":"6VD0.txt","timestamp":1670685903095},{"id":"f6IX.txt","timestamp":1670685966279},{"id":"AN8q.txt","timestamp":1670688565607},{"id":"dTlu.txt","timestamp":1670688594244},{"id":"8iUR.txt","timestamp":1670689607060},{"id":"Qutp.txt","timestamp":1670690028438},{"id":"wBMh.txt","timestamp":1670707611733},{"id":"K2MR.txt","timestamp":1670708530325},{"id":"do9c.txt","timestamp":1670709721511},{"id":"aD2p.txt","timestamp":1670709893155},{"id":"gOxj.txt","timestamp":1670710044479},{"id":"eyCy.txt","timestamp":1670710223999},{"id":"e0Eh.txt","timestamp":1670710378847},{"id":"ugKG.txt","timestamp":1670710486391},{"id":"nR9a.txt","timestamp":1670710694123},{"id":"M28p.txt","timestamp":1670710952458},{"id":"R4m2.txt","timestamp":1670710988338},{"id":"1nHr.txt","timestamp":1670711010314},{"id":"b549.txt","timestamp":1670711158958},{"id":"zBvt.txt","timestamp":1670711194770},{"id":"ytBE.txt","timestamp":1670711722470},{"id":"XeAd.txt","timestamp":1670711733418},{"id":"9kUO.txt","timestamp":1670711783682},{"id":"O4jG.txt","timestamp":1670711844861},{"id":"eMub.txt","timestamp":1670711958877},{"id":"JBom.txt","timestamp":1670712456885},{"id":"etwo.txt","timestamp":1670718246608},{"id":"ObVj.txt","timestamp":1670718288656},{"id":"HDKF.txt","timestamp":1670718500387},{"id":"i6GB.txt","timestamp":1670718572647},{"id":"v4mU.txt","timestamp":1670718705115},{"id":"umT5.txt","timestamp":1670718918427},{"id":"AXJx.txt","timestamp":1670718986139},{"id":"pdq0.txt","timestamp":1670719063219},{"id":"QMNK.txt","timestamp":1670719143615},{"id":"s9Rj.txt","timestamp":1670719292031},{"id":"tPKI.txt","timestamp":1670719710234},{"id":"Maxp.txt","timestamp":1670720009854},{"id":"6w59.txt","timestamp":1670720632241},{"id":"qPpO.txt","timestamp":1670720813421},{"id":"WnId.txt","timestamp":1670720892489}]}