[{"identifier":{"id":"gitpod.gitpod-theme","uuid":"985c019b-4620-45a7-92c5-b721d8c11bc0"},"version":"0.0.2","location":{"$mid":1,"fsPath":"/ide/extensions/gitpod.gitpod-theme","path":"/ide/extensions/gitpod.gitpod-theme","scheme":"file"},"metadata":{"id":"985c019b-4620-45a7-92c5-b721d8c11bc0","publisherId":"452246e5-9ce6-485c-b35f-5a50d93f81df","publisherDisplayName":"gitpod","targetPlatform":"universal","isApplicationScoped":false,"isMachineScoped":true,"isBuiltin":true,"isSystem":true,"updated":true,"isPreReleaseVersion":false,"installedTimestamp":1670527786089,"preRelease":false}},{"identifier":{"id":"github.vscode-pull-request-github","uuid":"69ddd764-339a-4ecc-97c1-9c4ece58e36d"},"version":"0.56.0","location":{"$mid":1,"fsPath":"/workspace/.vscode-remote/extensions/github.vscode-pull-request-github-0.56.0-universal","path":"/workspace/.vscode-remote/extensions/github.vscode-pull-request-github-0.56.0-universal","scheme":"file"},"metadata":{"id":"69ddd764-339a-4ecc-97c1-9c4ece58e36d","publisherId":"7c1c19cd-78eb-4dfb-8999-99caf7679002","publisherDisplayName":"GitHub","targetPlatform":"universal","isApplicationScoped":false,"isMachineScoped":true,"isBuiltin":true,"updated":true,"isPreReleaseVersion":false,"installedTimestamp":1670527788482,"preRelease":false}}]