{"version":1,"resource":"vscode-remote://ravenhex1296-games-8mn5klocdc2.ws-us78.gitpod.io/workspace/games/tic_tac_toe/fogel.py","entries":[{"id":"90o8.py","timestamp":1670628785718},{"id":"xhOS.py","timestamp":1670628804382},{"id":"zn2O.py","timestamp":1670628829066},{"id":"exvs.py","timestamp":1670628894310},{"id":"fwc4.py","timestamp":1670628956034},{"id":"YYCe.py","timestamp":1670628982498},{"id":"Sx5B.py","timestamp":1670629000550},{"id":"4lnT.py","source":"undoRedo.source","timestamp":1670629009378},{"id":"LvCB.py","timestamp":1670629014430},{"id":"ZtZO.py","timestamp":1670629052634},{"id":"TBUj.py","timestamp":1670629141266},{"id":"i4aE.py","timestamp":1670629172778},{"id":"m4MZ.py","timestamp":1670629198822},{"id":"TbnT.py","timestamp":1670629219410},{"id":"2lxq.py","timestamp":1670629275822},{"id":"wrWb.py","timestamp":1670629318274},{"id":"Yf7Y.py","timestamp":1670633270541},{"id":"HOkn.py","timestamp":1670633367570},{"id":"CsOi.py","timestamp":1670633821508},{"id":"u4Km.py","timestamp":1670634429931},{"id":"mcqO.py","timestamp":1670634442399},{"id":"f1zV.py","timestamp":1670646615590},{"id":"xSAp.py","timestamp":1670648009920},{"id":"PKjk.py","timestamp":1670648319498},{"id":"J1p7.py","timestamp":1670650142546},{"id":"hGrb.py","timestamp":1670650182295},{"id":"EbF3.py","timestamp":1670650242611},{"id":"H0Kv.py","timestamp":1670681929563},{"id":"NEH5.py","timestamp":1670681949140},{"id":"89p1.py","timestamp":1670681971840},{"id":"tfoW.py","timestamp":1670682020360},{"id":"8OpB.py","timestamp":1670682057608},{"id":"BKfO.py","timestamp":1670682088132},{"id":"XQCN.py","timestamp":1670682211909},{"id":"0N3R.py","timestamp":1670682226205},{"id":"iPWl.py","timestamp":1670682257981},{"id":"0XSH.py","timestamp":1670684527844},{"id":"li8l.py","timestamp":1670684904634},{"id":"mdbI.py","timestamp":1670685063111},{"id":"baZ3.py","timestamp":1670685101911},{"id":"RsTw.py","timestamp":1670685128991},{"id":"yFa7.py","timestamp":1670688586804},{"id":"2Dhv.py","timestamp":1670688609420},{"id":"pzXy.py","timestamp":1670688695312},{"id":"qz46.py","timestamp":1670688755304},{"id":"aEKM.py","timestamp":1670688862797},{"id":"o4Jv.py","timestamp":1670688940805},{"id":"jrQr.py","timestamp":1670689657385},{"id":"a0Np.py","timestamp":1670689835282},{"id":"tPJg.py","timestamp":1670707659145}]}