{"version":1,"resource":"vscode-remote://ravenhex1296-games-8mn5klocdc2.ws-us78.gitpod.io/workspace/games/tic_tac_toe/players/nn_player.py","entries":[{"id":"8y9N.py","timestamp":1670447491629},{"id":"hnR2.py","timestamp":1670447513581},{"id":"31Uf.py","timestamp":1670447534329},{"id":"OCTq.py","timestamp":1670447604945},{"id":"wWWq.py","timestamp":1670447622657},{"id":"wbYE.py","timestamp":1670447646873},{"id":"atOW.py","timestamp":1670447665413},{"id":"8P6m.py","timestamp":1670447703817},{"id":"QRT1.py","timestamp":1670447719245},{"id":"74ft.py","timestamp":1670528306185},{"id":"G2B0.py","timestamp":1670528339101},{"id":"5c0O.py","timestamp":1670528353693},{"id":"SL2H.py","timestamp":1670528368509},{"id":"bTiq.py","timestamp":1670528394197},{"id":"U0CE.py","timestamp":1670528416089},{"id":"lI8m.py","timestamp":1670528527481},{"id":"qhKs.py","timestamp":1670528540197},{"id":"JUNS.py","timestamp":1670528607465},{"id":"TC0n.py","timestamp":1670528621717},{"id":"acs5.py","timestamp":1670528633421},{"id":"VsKU.py","timestamp":1670528658253},{"id":"sZzw.py","timestamp":1670528677385},{"id":"mQWG.py","timestamp":1670528724865},{"id":"reCk.py","timestamp":1670528749977},{"id":"OG85.py","source":"undoRedo.source","timestamp":1670528777581},{"id":"VtIE.py","timestamp":1670528781885},{"id":"i2rY.py","source":"undoRedo.source","timestamp":1670528798436},{"id":"2cx8.py","timestamp":1670528801784},{"id":"Jd3r.py","source":"undoRedo.source","timestamp":1670528809664},{"id":"ck5e.py","timestamp":1670528814860},{"id":"GPko.py","source":"undoRedo.source","timestamp":1670528818312},{"id":"omfU.py","timestamp":1670528829260},{"id":"NuWY.py","source":"undoRedo.source","timestamp":1670528834680},{"id":"YpRg.py","timestamp":1670528862296},{"id":"p9Q8.py","timestamp":1670528885272},{"id":"o7Xl.py","timestamp":1670528899880},{"id":"3ivj.py","timestamp":1670528913456},{"id":"F05Z.py","timestamp":1670528940956},{"id":"92vl.py","timestamp":1670528974396},{"id":"5zgC.py","timestamp":1670529390028},{"id":"56HQ.py","timestamp":1670529470800}]}